date,day,month,month_name,quarter,year,week,day_name,is_weekend,month_year,financial_year
2024-01-01,1,1,January,Q1,2024,1,Monday,False,2024-01,FY2023-2024
2024-01-02,2,1,January,Q1,2024,1,Tuesday,False,2024-01,FY2023-2024
2024-01-03,3,1,January,Q1,2024,1,Wednesday,False,2024-01,FY2023-2024
2024-01-04,4,1,January,Q1,2024,1,Thursday,False,2024-01,FY2023-2024
2024-01-05,5,1,January,Q1,2024,1,Friday,False,2024-01,FY2023-2024
2024-01-06,6,1,January,Q1,2024,1,Saturday,True,2024-01,FY2023-2024
2024-01-07,7,1,January,Q1,2024,1,Sunday,True,2024-01,FY2023-2024
2024-01-08,8,1,January,Q1,2024,2,Monday,False,2024-01,FY2023-2024
2024-01-09,9,1,January,Q1,2024,2,Tuesday,False,2024-01,FY2023-2024
2024-01-10,10,1,January,Q1,2024,2,Wednesday,False,2024-01,FY2023-2024
2024-01-11,11,1,January,Q1,2024,2,Thursday,False,2024-01,FY2023-2024
2024-01-12,12,1,January,Q1,2024,2,Friday,False,2024-01,FY2023-2024
2024-01-13,13,1,January,Q1,2024,2,Saturday,True,2024-01,FY2023-2024
2024-01-14,14,1,January,Q1,2024,2,Sunday,True,2024-01,FY2023-2024
2024-01-15,15,1,January,Q1,2024,3,Monday,False,2024-01,FY2023-2024
2024-01-16,16,1,January,Q1,2024,3,Tuesday,False,2024-01,FY2023-2024
2024-01-17,17,1,January,Q1,2024,3,Wednesday,False,2024-01,FY2023-2024
2024-01-18,18,1,January,Q1,2024,3,Thursday,False,2024-01,FY2023-2024
2024-01-19,19,1,January,Q1,2024,3,Friday,False,2024-01,FY2023-2024
2024-01-20,20,1,January,Q1,2024,3,Saturday,True,2024-01,FY2023-2024
2024-01-21,21,1,January,Q1,2024,3,Sunday,True,2024-01,FY2023-2024
2024-01-22,22,1,January,Q1,2024,4,Monday,False,2024-01,FY2023-2024
2024-01-23,23,1,January,Q1,2024,4,Tuesday,False,2024-01,FY2023-2024
2024-01-24,24,1,January,Q1,2024,4,Wednesday,False,2024-01,FY2023-2024
2024-01-25,25,1,January,Q1,2024,4,Thursday,False,2024-01,FY2023-2024
2024-01-26,26,1,January,Q1,2024,4,Friday,False,2024-01,FY2023-2024
2024-01-27,27,1,January,Q1,2024,4,Saturday,True,2024-01,FY2023-2024
2024-01-28,28,1,January,Q1,2024,4,Sunday,True,2024-01,FY2023-2024
2024-01-29,29,1,January,Q1,2024,5,Monday,False,2024-01,FY2023-2024
2024-01-30,30,1,January,Q1,2024,5,Tuesday,False,2024-01,FY2023-2024
2024-01-31,31,1,January,Q1,2024,5,Wednesday,False,2024-01,FY2023-2024
2024-02-01,1,2,February,Q1,2024,5,Thursday,False,2024-02,FY2023-2024
2024-02-02,2,2,February,Q1,2024,5,Friday,False,2024-02,FY2023-2024
2024-02-03,3,2,February,Q1,2024,5,Saturday,True,2024-02,FY2023-2024
2024-02-04,4,2,February,Q1,2024,5,Sunday,True,2024-02,FY2023-2024
2024-02-05,5,2,February,Q1,2024,6,Monday,False,2024-02,FY2023-2024
2024-02-06,6,2,February,Q1,2024,6,Tuesday,False,2024-02,FY2023-2024
2024-02-07,7,2,February,Q1,2024,6,Wednesday,False,2024-02,FY2023-2024
2024-02-08,8,2,February,Q1,2024,6,Thursday,False,2024-02,FY2023-2024
2024-02-09,9,2,February,Q1,2024,6,Friday,False,2024-02,FY2023-2024
2024-02-10,10,2,February,Q1,2024,6,Saturday,True,2024-02,FY2023-2024
2024-02-11,11,2,February,Q1,2024,6,Sunday,True,2024-02,FY2023-2024
2024-02-12,12,2,February,Q1,2024,7,Monday,False,2024-02,FY2023-2024
2024-02-13,13,2,February,Q1,2024,7,Tuesday,False,2024-02,FY2023-2024
2024-02-14,14,2,February,Q1,2024,7,Wednesday,False,2024-02,FY2023-2024
2024-02-15,15,2,February,Q1,2024,7,Thursday,False,2024-02,FY2023-2024
2024-02-16,16,2,February,Q1,2024,7,Friday,False,2024-02,FY2023-2024
2024-02-17,17,2,February,Q1,2024,7,Saturday,True,2024-02,FY2023-2024
2024-02-18,18,2,February,Q1,2024,7,Sunday,True,2024-02,FY2023-2024
2024-02-19,19,2,February,Q1,2024,8,Monday,False,2024-02,FY2023-2024
2024-02-20,20,2,February,Q1,2024,8,Tuesday,False,2024-02,FY2023-2024
2024-02-21,21,2,February,Q1,2024,8,Wednesday,False,2024-02,FY2023-2024
2024-02-22,22,2,February,Q1,2024,8,Thursday,False,2024-02,FY2023-2024
2024-02-23,23,2,February,Q1,2024,8,Friday,False,2024-02,FY2023-2024
2024-02-24,24,2,February,Q1,2024,8,Saturday,True,2024-02,FY2023-2024
2024-02-25,25,2,February,Q1,2024,8,Sunday,True,2024-02,FY2023-2024
2024-02-26,26,2,February,Q1,2024,9,Monday,False,2024-02,FY2023-2024
2024-02-27,27,2,February,Q1,2024,9,Tuesday,False,2024-02,FY2023-2024
2024-02-28,28,2,February,Q1,2024,9,Wednesday,False,2024-02,FY2023-2024
2024-02-29,29,2,February,Q1,2024,9,Thursday,False,2024-02,FY2023-2024
2024-03-01,1,3,March,Q1,2024,9,Friday,False,2024-03,FY2023-2024
2024-03-02,2,3,March,Q1,2024,9,Saturday,True,2024-03,FY2023-2024
2024-03-03,3,3,March,Q1,2024,9,Sunday,True,2024-03,FY2023-2024
2024-03-04,4,3,March,Q1,2024,10,Monday,False,2024-03,FY2023-2024
2024-03-05,5,3,March,Q1,2024,10,Tuesday,False,2024-03,FY2023-2024
2024-03-06,6,3,March,Q1,2024,10,Wednesday,False,2024-03,FY2023-2024
2024-03-07,7,3,March,Q1,2024,10,Thursday,False,2024-03,FY2023-2024
2024-03-08,8,3,March,Q1,2024,10,Friday,False,2024-03,FY2023-2024
2024-03-09,9,3,March,Q1,2024,10,Saturday,True,2024-03,FY2023-2024
2024-03-10,10,3,March,Q1,2024,10,Sunday,True,2024-03,FY2023-2024
2024-03-11,11,3,March,Q1,2024,11,Monday,False,2024-03,FY2023-2024
2024-03-12,12,3,March,Q1,2024,11,Tuesday,False,2024-03,FY2023-2024
2024-03-13,13,3,March,Q1,2024,11,Wednesday,False,2024-03,FY2023-2024
2024-03-14,14,3,March,Q1,2024,11,Thursday,False,2024-03,FY2023-2024
2024-03-15,15,3,March,Q1,2024,11,Friday,False,2024-03,FY2023-2024
2024-03-16,16,3,March,Q1,2024,11,Saturday,True,2024-03,FY2023-2024
2024-03-17,17,3,March,Q1,2024,11,Sunday,True,2024-03,FY2023-2024
2024-03-18,18,3,March,Q1,2024,12,Monday,False,2024-03,FY2023-2024
2024-03-19,19,3,March,Q1,2024,12,Tuesday,False,2024-03,FY2023-2024
2024-03-20,20,3,March,Q1,2024,12,Wednesday,False,2024-03,FY2023-2024
2024-03-21,21,3,March,Q1,2024,12,Thursday,False,2024-03,FY2023-2024
2024-03-22,22,3,March,Q1,2024,12,Friday,False,2024-03,FY2023-2024
2024-03-23,23,3,March,Q1,2024,12,Saturday,True,2024-03,FY2023-2024
2024-03-24,24,3,March,Q1,2024,12,Sunday,True,2024-03,FY2023-2024
2024-03-25,25,3,March,Q1,2024,13,Monday,False,2024-03,FY2023-2024
2024-03-26,26,3,March,Q1,2024,13,Tuesday,False,2024-03,FY2023-2024
2024-03-27,27,3,March,Q1,2024,13,Wednesday,False,2024-03,FY2023-2024
2024-03-28,28,3,March,Q1,2024,13,Thursday,False,2024-03,FY2023-2024
2024-03-29,29,3,March,Q1,2024,13,Friday,False,2024-03,FY2023-2024
2024-03-30,30,3,March,Q1,2024,13,Saturday,True,2024-03,FY2023-2024
2024-03-31,31,3,March,Q1,2024,13,Sunday,True,2024-03,FY2023-2024
2024-04-01,1,4,April,Q2,2024,14,Monday,False,2024-04,FY2024-2025
2024-04-02,2,4,April,Q2,2024,14,Tuesday,False,2024-04,FY2024-2025
2024-04-03,3,4,April,Q2,2024,14,Wednesday,False,2024-04,FY2024-2025
2024-04-04,4,4,April,Q2,2024,14,Thursday,False,2024-04,FY2024-2025
2024-04-05,5,4,April,Q2,2024,14,Friday,False,2024-04,FY2024-2025
2024-04-06,6,4,April,Q2,2024,14,Saturday,True,2024-04,FY2024-2025
2024-04-07,7,4,April,Q2,2024,14,Sunday,True,2024-04,FY2024-2025
2024-04-08,8,4,April,Q2,2024,15,Monday,False,2024-04,FY2024-2025
2024-04-09,9,4,April,Q2,2024,15,Tuesday,False,2024-04,FY2024-2025
2024-04-10,10,4,April,Q2,2024,15,Wednesday,False,2024-04,FY2024-2025
2024-04-11,11,4,April,Q2,2024,15,Thursday,False,2024-04,FY2024-2025
2024-04-12,12,4,April,Q2,2024,15,Friday,False,2024-04,FY2024-2025
2024-04-13,13,4,April,Q2,2024,15,Saturday,True,2024-04,FY2024-2025
2024-04-14,14,4,April,Q2,2024,15,Sunday,True,2024-04,FY2024-2025
2024-04-15,15,4,April,Q2,2024,16,Monday,False,2024-04,FY2024-2025
2024-04-16,16,4,April,Q2,2024,16,Tuesday,False,2024-04,FY2024-2025
2024-04-17,17,4,April,Q2,2024,16,Wednesday,False,2024-04,FY2024-2025
2024-04-18,18,4,April,Q2,2024,16,Thursday,False,2024-04,FY2024-2025
2024-04-19,19,4,April,Q2,2024,16,Friday,False,2024-04,FY2024-2025
2024-04-20,20,4,April,Q2,2024,16,Saturday,True,2024-04,FY2024-2025
2024-04-21,21,4,April,Q2,2024,16,Sunday,True,2024-04,FY2024-2025
2024-04-22,22,4,April,Q2,2024,17,Monday,False,2024-04,FY2024-2025
2024-04-23,23,4,April,Q2,2024,17,Tuesday,False,2024-04,FY2024-2025
2024-04-24,24,4,April,Q2,2024,17,Wednesday,False,2024-04,FY2024-2025
2024-04-25,25,4,April,Q2,2024,17,Thursday,False,2024-04,FY2024-2025
2024-04-26,26,4,April,Q2,2024,17,Friday,False,2024-04,FY2024-2025
2024-04-27,27,4,April,Q2,2024,17,Saturday,True,2024-04,FY2024-2025
2024-04-28,28,4,April,Q2,2024,17,Sunday,True,2024-04,FY2024-2025
2024-04-29,29,4,April,Q2,2024,18,Monday,False,2024-04,FY2024-2025
2024-04-30,30,4,April,Q2,2024,18,Tuesday,False,2024-04,FY2024-2025
2024-05-01,1,5,May,Q2,2024,18,Wednesday,False,2024-05,FY2024-2025
2024-05-02,2,5,May,Q2,2024,18,Thursday,False,2024-05,FY2024-2025
2024-05-03,3,5,May,Q2,2024,18,Friday,False,2024-05,FY2024-2025
2024-05-04,4,5,May,Q2,2024,18,Saturday,True,2024-05,FY2024-2025
2024-05-05,5,5,May,Q2,2024,18,Sunday,True,2024-05,FY2024-2025
2024-05-06,6,5,May,Q2,2024,19,Monday,False,2024-05,FY2024-2025
2024-05-07,7,5,May,Q2,2024,19,Tuesday,False,2024-05,FY2024-2025
2024-05-08,8,5,May,Q2,2024,19,Wednesday,False,2024-05,FY2024-2025
2024-05-09,9,5,May,Q2,2024,19,Thursday,False,2024-05,FY2024-2025
2024-05-10,10,5,May,Q2,2024,19,Friday,False,2024-05,FY2024-2025
2024-05-11,11,5,May,Q2,2024,19,Saturday,True,2024-05,FY2024-2025
2024-05-12,12,5,May,Q2,2024,19,Sunday,True,2024-05,FY2024-2025
2024-05-13,13,5,May,Q2,2024,20,Monday,False,2024-05,FY2024-2025
2024-05-14,14,5,May,Q2,2024,20,Tuesday,False,2024-05,FY2024-2025
2024-05-15,15,5,May,Q2,2024,20,Wednesday,False,2024-05,FY2024-2025
2024-05-16,16,5,May,Q2,2024,20,Thursday,False,2024-05,FY2024-2025
2024-05-17,17,5,May,Q2,2024,20,Friday,False,2024-05,FY2024-2025
2024-05-18,18,5,May,Q2,2024,20,Saturday,True,2024-05,FY2024-2025
2024-05-19,19,5,May,Q2,2024,20,Sunday,True,2024-05,FY2024-2025
2024-05-20,20,5,May,Q2,2024,21,Monday,False,2024-05,FY2024-2025
2024-05-21,21,5,May,Q2,2024,21,Tuesday,False,2024-05,FY2024-2025
2024-05-22,22,5,May,Q2,2024,21,Wednesday,False,2024-05,FY2024-2025
2024-05-23,23,5,May,Q2,2024,21,Thursday,False,2024-05,FY2024-2025
2024-05-24,24,5,May,Q2,2024,21,Friday,False,2024-05,FY2024-2025
2024-05-25,25,5,May,Q2,2024,21,Saturday,True,2024-05,FY2024-2025
2024-05-26,26,5,May,Q2,2024,21,Sunday,True,2024-05,FY2024-2025
2024-05-27,27,5,May,Q2,2024,22,Monday,False,2024-05,FY2024-2025
2024-05-28,28,5,May,Q2,2024,22,Tuesday,False,2024-05,FY2024-2025
2024-05-29,29,5,May,Q2,2024,22,Wednesday,False,2024-05,FY2024-2025
2024-05-30,30,5,May,Q2,2024,22,Thursday,False,2024-05,FY2024-2025
2024-05-31,31,5,May,Q2,2024,22,Friday,False,2024-05,FY2024-2025
2024-06-01,1,6,June,Q2,2024,22,Saturday,True,2024-06,FY2024-2025
2024-06-02,2,6,June,Q2,2024,22,Sunday,True,2024-06,FY2024-2025
2024-06-03,3,6,June,Q2,2024,23,Monday,False,2024-06,FY2024-2025
2024-06-04,4,6,June,Q2,2024,23,Tuesday,False,2024-06,FY2024-2025
2024-06-05,5,6,June,Q2,2024,23,Wednesday,False,2024-06,FY2024-2025
2024-06-06,6,6,June,Q2,2024,23,Thursday,False,2024-06,FY2024-2025
2024-06-07,7,6,June,Q2,2024,23,Friday,False,2024-06,FY2024-2025
2024-06-08,8,6,June,Q2,2024,23,Saturday,True,2024-06,FY2024-2025
2024-06-09,9,6,June,Q2,2024,23,Sunday,True,2024-06,FY2024-2025
2024-06-10,10,6,June,Q2,2024,24,Monday,False,2024-06,FY2024-2025
2024-06-11,11,6,June,Q2,2024,24,Tuesday,False,2024-06,FY2024-2025
2024-06-12,12,6,June,Q2,2024,24,Wednesday,False,2024-06,FY2024-2025
2024-06-13,13,6,June,Q2,2024,24,Thursday,False,2024-06,FY2024-2025
2024-06-14,14,6,June,Q2,2024,24,Friday,False,2024-06,FY2024-2025
2024-06-15,15,6,June,Q2,2024,24,Saturday,True,2024-06,FY2024-2025
2024-06-16,16,6,June,Q2,2024,24,Sunday,True,2024-06,FY2024-2025
2024-06-17,17,6,June,Q2,2024,25,Monday,False,2024-06,FY2024-2025
2024-06-18,18,6,June,Q2,2024,25,Tuesday,False,2024-06,FY2024-2025
2024-06-19,19,6,June,Q2,2024,25,Wednesday,False,2024-06,FY2024-2025
2024-06-20,20,6,June,Q2,2024,25,Thursday,False,2024-06,FY2024-2025
2024-06-21,21,6,June,Q2,2024,25,Friday,False,2024-06,FY2024-2025
2024-06-22,22,6,June,Q2,2024,25,Saturday,True,2024-06,FY2024-2025
2024-06-23,23,6,June,Q2,2024,25,Sunday,True,2024-06,FY2024-2025
2024-06-24,24,6,June,Q2,2024,26,Monday,False,2024-06,FY2024-2025
2024-06-25,25,6,June,Q2,2024,26,Tuesday,False,2024-06,FY2024-2025
2024-06-26,26,6,June,Q2,2024,26,Wednesday,False,2024-06,FY2024-2025
2024-06-27,27,6,June,Q2,2024,26,Thursday,False,2024-06,FY2024-2025
2024-06-28,28,6,June,Q2,2024,26,Friday,False,2024-06,FY2024-2025
2024-06-29,29,6,June,Q2,2024,26,Saturday,True,2024-06,FY2024-2025
2024-06-30,30,6,June,Q2,2024,26,Sunday,True,2024-06,FY2024-2025
2024-07-01,1,7,July,Q3,2024,27,Monday,False,2024-07,FY2024-2025
2024-07-02,2,7,July,Q3,2024,27,Tuesday,False,2024-07,FY2024-2025
2024-07-03,3,7,July,Q3,2024,27,Wednesday,False,2024-07,FY2024-2025
2024-07-04,4,7,July,Q3,2024,27,Thursday,False,2024-07,FY2024-2025
2024-07-05,5,7,July,Q3,2024,27,Friday,False,2024-07,FY2024-2025
2024-07-06,6,7,July,Q3,2024,27,Saturday,True,2024-07,FY2024-2025
2024-07-07,7,7,July,Q3,2024,27,Sunday,True,2024-07,FY2024-2025
2024-07-08,8,7,July,Q3,2024,28,Monday,False,2024-07,FY2024-2025
2024-07-09,9,7,July,Q3,2024,28,Tuesday,False,2024-07,FY2024-2025
2024-07-10,10,7,July,Q3,2024,28,Wednesday,False,2024-07,FY2024-2025
2024-07-11,11,7,July,Q3,2024,28,Thursday,False,2024-07,FY2024-2025
2024-07-12,12,7,July,Q3,2024,28,Friday,False,2024-07,FY2024-2025
2024-07-13,13,7,July,Q3,2024,28,Saturday,True,2024-07,FY2024-2025
2024-07-14,14,7,July,Q3,2024,28,Sunday,True,2024-07,FY2024-2025
2024-07-15,15,7,July,Q3,2024,29,Monday,False,2024-07,FY2024-2025
2024-07-16,16,7,July,Q3,2024,29,Tuesday,False,2024-07,FY2024-2025
2024-07-17,17,7,July,Q3,2024,29,Wednesday,False,2024-07,FY2024-2025
2024-07-18,18,7,July,Q3,2024,29,Thursday,False,2024-07,FY2024-2025
2024-07-19,19,7,July,Q3,2024,29,Friday,False,2024-07,FY2024-2025
2024-07-20,20,7,July,Q3,2024,29,Saturday,True,2024-07,FY2024-2025
2024-07-21,21,7,July,Q3,2024,29,Sunday,True,2024-07,FY2024-2025
2024-07-22,22,7,July,Q3,2024,30,Monday,False,2024-07,FY2024-2025
2024-07-23,23,7,July,Q3,2024,30,Tuesday,False,2024-07,FY2024-2025
2024-07-24,24,7,July,Q3,2024,30,Wednesday,False,2024-07,FY2024-2025
2024-07-25,25,7,July,Q3,2024,30,Thursday,False,2024-07,FY2024-2025
2024-07-26,26,7,July,Q3,2024,30,Friday,False,2024-07,FY2024-2025
2024-07-27,27,7,July,Q3,2024,30,Saturday,True,2024-07,FY2024-2025
2024-07-28,28,7,July,Q3,2024,30,Sunday,True,2024-07,FY2024-2025
2024-07-29,29,7,July,Q3,2024,31,Monday,False,2024-07,FY2024-2025
2024-07-30,30,7,July,Q3,2024,31,Tuesday,False,2024-07,FY2024-2025
2024-07-31,31,7,July,Q3,2024,31,Wednesday,False,2024-07,FY2024-2025
2024-08-01,1,8,August,Q3,2024,31,Thursday,False,2024-08,FY2024-2025
2024-08-02,2,8,August,Q3,2024,31,Friday,False,2024-08,FY2024-2025
2024-08-03,3,8,August,Q3,2024,31,Saturday,True,2024-08,FY2024-2025
2024-08-04,4,8,August,Q3,2024,31,Sunday,True,2024-08,FY2024-2025
2024-08-05,5,8,August,Q3,2024,32,Monday,False,2024-08,FY2024-2025
2024-08-06,6,8,August,Q3,2024,32,Tuesday,False,2024-08,FY2024-2025
2024-08-07,7,8,August,Q3,2024,32,Wednesday,False,2024-08,FY2024-2025
2024-08-08,8,8,August,Q3,2024,32,Thursday,False,2024-08,FY2024-2025
2024-08-09,9,8,August,Q3,2024,32,Friday,False,2024-08,FY2024-2025
2024-08-10,10,8,August,Q3,2024,32,Saturday,True,2024-08,FY2024-2025
2024-08-11,11,8,August,Q3,2024,32,Sunday,True,2024-08,FY2024-2025
2024-08-12,12,8,August,Q3,2024,33,Monday,False,2024-08,FY2024-2025
2024-08-13,13,8,August,Q3,2024,33,Tuesday,False,2024-08,FY2024-2025
2024-08-14,14,8,August,Q3,2024,33,Wednesday,False,2024-08,FY2024-2025
2024-08-15,15,8,August,Q3,2024,33,Thursday,False,2024-08,FY2024-2025
2024-08-16,16,8,August,Q3,2024,33,Friday,False,2024-08,FY2024-2025
2024-08-17,17,8,August,Q3,2024,33,Saturday,True,2024-08,FY2024-2025
2024-08-18,18,8,August,Q3,2024,33,Sunday,True,2024-08,FY2024-2025
2024-08-19,19,8,August,Q3,2024,34,Monday,False,2024-08,FY2024-2025
2024-08-20,20,8,August,Q3,2024,34,Tuesday,False,2024-08,FY2024-2025
2024-08-21,21,8,August,Q3,2024,34,Wednesday,False,2024-08,FY2024-2025
2024-08-22,22,8,August,Q3,2024,34,Thursday,False,2024-08,FY2024-2025
2024-08-23,23,8,August,Q3,2024,34,Friday,False,2024-08,FY2024-2025
2024-08-24,24,8,August,Q3,2024,34,Saturday,True,2024-08,FY2024-2025
2024-08-25,25,8,August,Q3,2024,34,Sunday,True,2024-08,FY2024-2025
2024-08-26,26,8,August,Q3,2024,35,Monday,False,2024-08,FY2024-2025
2024-08-27,27,8,August,Q3,2024,35,Tuesday,False,2024-08,FY2024-2025
2024-08-28,28,8,August,Q3,2024,35,Wednesday,False,2024-08,FY2024-2025
2024-08-29,29,8,August,Q3,2024,35,Thursday,False,2024-08,FY2024-2025
2024-08-30,30,8,August,Q3,2024,35,Friday,False,2024-08,FY2024-2025
2024-08-31,31,8,August,Q3,2024,35,Saturday,True,2024-08,FY2024-2025
2024-09-01,1,9,September,Q3,2024,35,Sunday,True,2024-09,FY2024-2025
2024-09-02,2,9,September,Q3,2024,36,Monday,False,2024-09,FY2024-2025
2024-09-03,3,9,September,Q3,2024,36,Tuesday,False,2024-09,FY2024-2025
2024-09-04,4,9,September,Q3,2024,36,Wednesday,False,2024-09,FY2024-2025
2024-09-05,5,9,September,Q3,2024,36,Thursday,False,2024-09,FY2024-2025
2024-09-06,6,9,September,Q3,2024,36,Friday,False,2024-09,FY2024-2025
2024-09-07,7,9,September,Q3,2024,36,Saturday,True,2024-09,FY2024-2025
2024-09-08,8,9,September,Q3,2024,36,Sunday,True,2024-09,FY2024-2025
2024-09-09,9,9,September,Q3,2024,37,Monday,False,2024-09,FY2024-2025
2024-09-10,10,9,September,Q3,2024,37,Tuesday,False,2024-09,FY2024-2025
2024-09-11,11,9,September,Q3,2024,37,Wednesday,False,2024-09,FY2024-2025
2024-09-12,12,9,September,Q3,2024,37,Thursday,False,2024-09,FY2024-2025
2024-09-13,13,9,September,Q3,2024,37,Friday,False,2024-09,FY2024-2025
2024-09-14,14,9,September,Q3,2024,37,Saturday,True,2024-09,FY2024-2025
2024-09-15,15,9,September,Q3,2024,37,Sunday,True,2024-09,FY2024-2025
2024-09-16,16,9,September,Q3,2024,38,Monday,False,2024-09,FY2024-2025
2024-09-17,17,9,September,Q3,2024,38,Tuesday,False,2024-09,FY2024-2025
2024-09-18,18,9,September,Q3,2024,38,Wednesday,False,2024-09,FY2024-2025
2024-09-19,19,9,September,Q3,2024,38,Thursday,False,2024-09,FY2024-2025
2024-09-20,20,9,September,Q3,2024,38,Friday,False,2024-09,FY2024-2025
2024-09-21,21,9,September,Q3,2024,38,Saturday,True,2024-09,FY2024-2025
2024-09-22,22,9,September,Q3,2024,38,Sunday,True,2024-09,FY2024-2025
2024-09-23,23,9,September,Q3,2024,39,Monday,False,2024-09,FY2024-2025
2024-09-24,24,9,September,Q3,2024,39,Tuesday,False,2024-09,FY2024-2025
2024-09-25,25,9,September,Q3,2024,39,Wednesday,False,2024-09,FY2024-2025
2024-09-26,26,9,September,Q3,2024,39,Thursday,False,2024-09,FY2024-2025
2024-09-27,27,9,September,Q3,2024,39,Friday,False,2024-09,FY2024-2025
2024-09-28,28,9,September,Q3,2024,39,Saturday,True,2024-09,FY2024-2025
2024-09-29,29,9,September,Q3,2024,39,Sunday,True,2024-09,FY2024-2025
2024-09-30,30,9,September,Q3,2024,40,Monday,False,2024-09,FY2024-2025
2024-10-01,1,10,October,Q4,2024,40,Tuesday,False,2024-10,FY2024-2025
2024-10-02,2,10,October,Q4,2024,40,Wednesday,False,2024-10,FY2024-2025
2024-10-03,3,10,October,Q4,2024,40,Thursday,False,2024-10,FY2024-2025
2024-10-04,4,10,October,Q4,2024,40,Friday,False,2024-10,FY2024-2025
2024-10-05,5,10,October,Q4,2024,40,Saturday,True,2024-10,FY2024-2025
2024-10-06,6,10,October,Q4,2024,40,Sunday,True,2024-10,FY2024-2025
2024-10-07,7,10,October,Q4,2024,41,Monday,False,2024-10,FY2024-2025
2024-10-08,8,10,October,Q4,2024,41,Tuesday,False,2024-10,FY2024-2025
2024-10-09,9,10,October,Q4,2024,41,Wednesday,False,2024-10,FY2024-2025
2024-10-10,10,10,October,Q4,2024,41,Thursday,False,2024-10,FY2024-2025
2024-10-11,11,10,October,Q4,2024,41,Friday,False,2024-10,FY2024-2025
2024-10-12,12,10,October,Q4,2024,41,Saturday,True,2024-10,FY2024-2025
2024-10-13,13,10,October,Q4,2024,41,Sunday,True,2024-10,FY2024-2025
2024-10-14,14,10,October,Q4,2024,42,Monday,False,2024-10,FY2024-2025
2024-10-15,15,10,October,Q4,2024,42,Tuesday,False,2024-10,FY2024-2025
2024-10-16,16,10,October,Q4,2024,42,Wednesday,False,2024-10,FY2024-2025
2024-10-17,17,10,October,Q4,2024,42,Thursday,False,2024-10,FY2024-2025
2024-10-18,18,10,October,Q4,2024,42,Friday,False,2024-10,FY2024-2025
2024-10-19,19,10,October,Q4,2024,42,Saturday,True,2024-10,FY2024-2025
2024-10-20,20,10,October,Q4,2024,42,Sunday,True,2024-10,FY2024-2025
2024-10-21,21,10,October,Q4,2024,43,Monday,False,2024-10,FY2024-2025
2024-10-22,22,10,October,Q4,2024,43,Tuesday,False,2024-10,FY2024-2025
2024-10-23,23,10,October,Q4,2024,43,Wednesday,False,2024-10,FY2024-2025
2024-10-24,24,10,October,Q4,2024,43,Thursday,False,2024-10,FY2024-2025
2024-10-25,25,10,October,Q4,2024,43,Friday,False,2024-10,FY2024-2025
2024-10-26,26,10,October,Q4,2024,43,Saturday,True,2024-10,FY2024-2025
2024-10-27,27,10,October,Q4,2024,43,Sunday,True,2024-10,FY2024-2025
2024-10-28,28,10,October,Q4,2024,44,Monday,False,2024-10,FY2024-2025
2024-10-29,29,10,October,Q4,2024,44,Tuesday,False,2024-10,FY2024-2025
2024-10-30,30,10,October,Q4,2024,44,Wednesday,False,2024-10,FY2024-2025
2024-10-31,31,10,October,Q4,2024,44,Thursday,False,2024-10,FY2024-2025
2024-11-01,1,11,November,Q4,2024,44,Friday,False,2024-11,FY2024-2025
2024-11-02,2,11,November,Q4,2024,44,Saturday,True,2024-11,FY2024-2025
2024-11-03,3,11,November,Q4,2024,44,Sunday,True,2024-11,FY2024-2025
2024-11-04,4,11,November,Q4,2024,45,Monday,False,2024-11,FY2024-2025
2024-11-05,5,11,November,Q4,2024,45,Tuesday,False,2024-11,FY2024-2025
2024-11-06,6,11,November,Q4,2024,45,Wednesday,False,2024-11,FY2024-2025
2024-11-07,7,11,November,Q4,2024,45,Thursday,False,2024-11,FY2024-2025
2024-11-08,8,11,November,Q4,2024,45,Friday,False,2024-11,FY2024-2025
2024-11-09,9,11,November,Q4,2024,45,Saturday,True,2024-11,FY2024-2025
2024-11-10,10,11,November,Q4,2024,45,Sunday,True,2024-11,FY2024-2025
2024-11-11,11,11,November,Q4,2024,46,Monday,False,2024-11,FY2024-2025
2024-11-12,12,11,November,Q4,2024,46,Tuesday,False,2024-11,FY2024-2025
2024-11-13,13,11,November,Q4,2024,46,Wednesday,False,2024-11,FY2024-2025
2024-11-14,14,11,November,Q4,2024,46,Thursday,False,2024-11,FY2024-2025
2024-11-15,15,11,November,Q4,2024,46,Friday,False,2024-11,FY2024-2025
2024-11-16,16,11,November,Q4,2024,46,Saturday,True,2024-11,FY2024-2025
2024-11-17,17,11,November,Q4,2024,46,Sunday,True,2024-11,FY2024-2025
2024-11-18,18,11,November,Q4,2024,47,Monday,False,2024-11,FY2024-2025
2024-11-19,19,11,November,Q4,2024,47,Tuesday,False,2024-11,FY2024-2025
2024-11-20,20,11,November,Q4,2024,47,Wednesday,False,2024-11,FY2024-2025
2024-11-21,21,11,November,Q4,2024,47,Thursday,False,2024-11,FY2024-2025
2024-11-22,22,11,November,Q4,2024,47,Friday,False,2024-11,FY2024-2025
2024-11-23,23,11,November,Q4,2024,47,Saturday,True,2024-11,FY2024-2025
2024-11-24,24,11,November,Q4,2024,47,Sunday,True,2024-11,FY2024-2025
2024-11-25,25,11,November,Q4,2024,48,Monday,False,2024-11,FY2024-2025
2024-11-26,26,11,November,Q4,2024,48,Tuesday,False,2024-11,FY2024-2025
2024-11-27,27,11,November,Q4,2024,48,Wednesday,False,2024-11,FY2024-2025
2024-11-28,28,11,November,Q4,2024,48,Thursday,False,2024-11,FY2024-2025
2024-11-29,29,11,November,Q4,2024,48,Friday,False,2024-11,FY2024-2025
2024-11-30,30,11,November,Q4,2024,48,Saturday,True,2024-11,FY2024-2025
2024-12-01,1,12,December,Q4,2024,48,Sunday,True,2024-12,FY2024-2025
2024-12-02,2,12,December,Q4,2024,49,Monday,False,2024-12,FY2024-2025
2024-12-03,3,12,December,Q4,2024,49,Tuesday,False,2024-12,FY2024-2025
2024-12-04,4,12,December,Q4,2024,49,Wednesday,False,2024-12,FY2024-2025
2024-12-05,5,12,December,Q4,2024,49,Thursday,False,2024-12,FY2024-2025
2024-12-06,6,12,December,Q4,2024,49,Friday,False,2024-12,FY2024-2025
2024-12-07,7,12,December,Q4,2024,49,Saturday,True,2024-12,FY2024-2025
2024-12-08,8,12,December,Q4,2024,49,Sunday,True,2024-12,FY2024-2025
2024-12-09,9,12,December,Q4,2024,50,Monday,False,2024-12,FY2024-2025
2024-12-10,10,12,December,Q4,2024,50,Tuesday,False,2024-12,FY2024-2025
2024-12-11,11,12,December,Q4,2024,50,Wednesday,False,2024-12,FY2024-2025
2024-12-12,12,12,December,Q4,2024,50,Thursday,False,2024-12,FY2024-2025
2024-12-13,13,12,December,Q4,2024,50,Friday,False,2024-12,FY2024-2025
2024-12-14,14,12,December,Q4,2024,50,Saturday,True,2024-12,FY2024-2025
2024-12-15,15,12,December,Q4,2024,50,Sunday,True,2024-12,FY2024-2025
2024-12-16,16,12,December,Q4,2024,51,Monday,False,2024-12,FY2024-2025
2024-12-17,17,12,December,Q4,2024,51,Tuesday,False,2024-12,FY2024-2025
2024-12-18,18,12,December,Q4,2024,51,Wednesday,False,2024-12,FY2024-2025
2024-12-19,19,12,December,Q4,2024,51,Thursday,False,2024-12,FY2024-2025
2024-12-20,20,12,December,Q4,2024,51,Friday,False,2024-12,FY2024-2025
2024-12-21,21,12,December,Q4,2024,51,Saturday,True,2024-12,FY2024-2025
2024-12-22,22,12,December,Q4,2024,51,Sunday,True,2024-12,FY2024-2025
2024-12-23,23,12,December,Q4,2024,52,Monday,False,2024-12,FY2024-2025
2024-12-24,24,12,December,Q4,2024,52,Tuesday,False,2024-12,FY2024-2025
2024-12-25,25,12,December,Q4,2024,52,Wednesday,False,2024-12,FY2024-2025
2024-12-26,26,12,December,Q4,2024,52,Thursday,False,2024-12,FY2024-2025
2024-12-27,27,12,December,Q4,2024,52,Friday,False,2024-12,FY2024-2025
2024-12-28,28,12,December,Q4,2024,52,Saturday,True,2024-12,FY2024-2025
2024-12-29,29,12,December,Q4,2024,52,Sunday,True,2024-12,FY2024-2025
2024-12-30,30,12,December,Q4,2024,1,Monday,False,2024-12,FY2024-2025
2024-12-31,31,12,December,Q4,2024,1,Tuesday,False,2024-12,FY2024-2025
2025-01-01,1,1,January,Q1,2025,1,Wednesday,False,2025-01,FY2024-2025
2025-01-02,2,1,January,Q1,2025,1,Thursday,False,2025-01,FY2024-2025
2025-01-03,3,1,January,Q1,2025,1,Friday,False,2025-01,FY2024-2025
2025-01-04,4,1,January,Q1,2025,1,Saturday,True,2025-01,FY2024-2025
2025-01-05,5,1,January,Q1,2025,1,Sunday,True,2025-01,FY2024-2025
2025-01-06,6,1,January,Q1,2025,2,Monday,False,2025-01,FY2024-2025
2025-01-07,7,1,January,Q1,2025,2,Tuesday,False,2025-01,FY2024-2025
2025-01-08,8,1,January,Q1,2025,2,Wednesday,False,2025-01,FY2024-2025
2025-01-09,9,1,January,Q1,2025,2,Thursday,False,2025-01,FY2024-2025
2025-01-10,10,1,January,Q1,2025,2,Friday,False,2025-01,FY2024-2025
2025-01-11,11,1,January,Q1,2025,2,Saturday,True,2025-01,FY2024-2025
2025-01-12,12,1,January,Q1,2025,2,Sunday,True,2025-01,FY2024-2025
2025-01-13,13,1,January,Q1,2025,3,Monday,False,2025-01,FY2024-2025
2025-01-14,14,1,January,Q1,2025,3,Tuesday,False,2025-01,FY2024-2025
2025-01-15,15,1,January,Q1,2025,3,Wednesday,False,2025-01,FY2024-2025
2025-01-16,16,1,January,Q1,2025,3,Thursday,False,2025-01,FY2024-2025
2025-01-17,17,1,January,Q1,2025,3,Friday,False,2025-01,FY2024-2025
2025-01-18,18,1,January,Q1,2025,3,Saturday,True,2025-01,FY2024-2025
2025-01-19,19,1,January,Q1,2025,3,Sunday,True,2025-01,FY2024-2025
2025-01-20,20,1,January,Q1,2025,4,Monday,False,2025-01,FY2024-2025
2025-01-21,21,1,January,Q1,2025,4,Tuesday,False,2025-01,FY2024-2025
2025-01-22,22,1,January,Q1,2025,4,Wednesday,False,2025-01,FY2024-2025
2025-01-23,23,1,January,Q1,2025,4,Thursday,False,2025-01,FY2024-2025
2025-01-24,24,1,January,Q1,2025,4,Friday,False,2025-01,FY2024-2025
2025-01-25,25,1,January,Q1,2025,4,Saturday,True,2025-01,FY2024-2025
2025-01-26,26,1,January,Q1,2025,4,Sunday,True,2025-01,FY2024-2025
2025-01-27,27,1,January,Q1,2025,5,Monday,False,2025-01,FY2024-2025
2025-01-28,28,1,January,Q1,2025,5,Tuesday,False,2025-01,FY2024-2025
2025-01-29,29,1,January,Q1,2025,5,Wednesday,False,2025-01,FY2024-2025
2025-01-30,30,1,January,Q1,2025,5,Thursday,False,2025-01,FY2024-2025
2025-01-31,31,1,January,Q1,2025,5,Friday,False,2025-01,FY2024-2025
2025-02-01,1,2,February,Q1,2025,5,Saturday,True,2025-02,FY2024-2025
2025-02-02,2,2,February,Q1,2025,5,Sunday,True,2025-02,FY2024-2025
2025-02-03,3,2,February,Q1,2025,6,Monday,False,2025-02,FY2024-2025
2025-02-04,4,2,February,Q1,2025,6,Tuesday,False,2025-02,FY2024-2025
2025-02-05,5,2,February,Q1,2025,6,Wednesday,False,2025-02,FY2024-2025
2025-02-06,6,2,February,Q1,2025,6,Thursday,False,2025-02,FY2024-2025
2025-02-07,7,2,February,Q1,2025,6,Friday,False,2025-02,FY2024-2025
2025-02-08,8,2,February,Q1,2025,6,Saturday,True,2025-02,FY2024-2025
2025-02-09,9,2,February,Q1,2025,6,Sunday,True,2025-02,FY2024-2025
2025-02-10,10,2,February,Q1,2025,7,Monday,False,2025-02,FY2024-2025
2025-02-11,11,2,February,Q1,2025,7,Tuesday,False,2025-02,FY2024-2025
2025-02-12,12,2,February,Q1,2025,7,Wednesday,False,2025-02,FY2024-2025
2025-02-13,13,2,February,Q1,2025,7,Thursday,False,2025-02,FY2024-2025
2025-02-14,14,2,February,Q1,2025,7,Friday,False,2025-02,FY2024-2025
2025-02-15,15,2,February,Q1,2025,7,Saturday,True,2025-02,FY2024-2025
2025-02-16,16,2,February,Q1,2025,7,Sunday,True,2025-02,FY2024-2025
2025-02-17,17,2,February,Q1,2025,8,Monday,False,2025-02,FY2024-2025
2025-02-18,18,2,February,Q1,2025,8,Tuesday,False,2025-02,FY2024-2025
2025-02-19,19,2,February,Q1,2025,8,Wednesday,False,2025-02,FY2024-2025
2025-02-20,20,2,February,Q1,2025,8,Thursday,False,2025-02,FY2024-2025
2025-02-21,21,2,February,Q1,2025,8,Friday,False,2025-02,FY2024-2025
2025-02-22,22,2,February,Q1,2025,8,Saturday,True,2025-02,FY2024-2025
2025-02-23,23,2,February,Q1,2025,8,Sunday,True,2025-02,FY2024-2025
2025-02-24,24,2,February,Q1,2025,9,Monday,False,2025-02,FY2024-2025
2025-02-25,25,2,February,Q1,2025,9,Tuesday,False,2025-02,FY2024-2025
2025-02-26,26,2,February,Q1,2025,9,Wednesday,False,2025-02,FY2024-2025
2025-02-27,27,2,February,Q1,2025,9,Thursday,False,2025-02,FY2024-2025
2025-02-28,28,2,February,Q1,2025,9,Friday,False,2025-02,FY2024-2025
2025-03-01,1,3,March,Q1,2025,9,Saturday,True,2025-03,FY2024-2025
2025-03-02,2,3,March,Q1,2025,9,Sunday,True,2025-03,FY2024-2025
2025-03-03,3,3,March,Q1,2025,10,Monday,False,2025-03,FY2024-2025
2025-03-04,4,3,March,Q1,2025,10,Tuesday,False,2025-03,FY2024-2025
2025-03-05,5,3,March,Q1,2025,10,Wednesday,False,2025-03,FY2024-2025
2025-03-06,6,3,March,Q1,2025,10,Thursday,False,2025-03,FY2024-2025
2025-03-07,7,3,March,Q1,2025,10,Friday,False,2025-03,FY2024-2025
2025-03-08,8,3,March,Q1,2025,10,Saturday,True,2025-03,FY2024-2025
2025-03-09,9,3,March,Q1,2025,10,Sunday,True,2025-03,FY2024-2025
2025-03-10,10,3,March,Q1,2025,11,Monday,False,2025-03,FY2024-2025
2025-03-11,11,3,March,Q1,2025,11,Tuesday,False,2025-03,FY2024-2025
2025-03-12,12,3,March,Q1,2025,11,Wednesday,False,2025-03,FY2024-2025
2025-03-13,13,3,March,Q1,2025,11,Thursday,False,2025-03,FY2024-2025
2025-03-14,14,3,March,Q1,2025,11,Friday,False,2025-03,FY2024-2025
2025-03-15,15,3,March,Q1,2025,11,Saturday,True,2025-03,FY2024-2025
2025-03-16,16,3,March,Q1,2025,11,Sunday,True,2025-03,FY2024-2025
2025-03-17,17,3,March,Q1,2025,12,Monday,False,2025-03,FY2024-2025
2025-03-18,18,3,March,Q1,2025,12,Tuesday,False,2025-03,FY2024-2025
2025-03-19,19,3,March,Q1,2025,12,Wednesday,False,2025-03,FY2024-2025
2025-03-20,20,3,March,Q1,2025,12,Thursday,False,2025-03,FY2024-2025
2025-03-21,21,3,March,Q1,2025,12,Friday,False,2025-03,FY2024-2025
2025-03-22,22,3,March,Q1,2025,12,Saturday,True,2025-03,FY2024-2025
2025-03-23,23,3,March,Q1,2025,12,Sunday,True,2025-03,FY2024-2025
2025-03-24,24,3,March,Q1,2025,13,Monday,False,2025-03,FY2024-2025
2025-03-25,25,3,March,Q1,2025,13,Tuesday,False,2025-03,FY2024-2025
2025-03-26,26,3,March,Q1,2025,13,Wednesday,False,2025-03,FY2024-2025
2025-03-27,27,3,March,Q1,2025,13,Thursday,False,2025-03,FY2024-2025
2025-03-28,28,3,March,Q1,2025,13,Friday,False,2025-03,FY2024-2025
2025-03-29,29,3,March,Q1,2025,13,Saturday,True,2025-03,FY2024-2025
2025-03-30,30,3,March,Q1,2025,13,Sunday,True,2025-03,FY2024-2025
2025-03-31,31,3,March,Q1,2025,14,Monday,False,2025-03,FY2024-2025
2025-04-01,1,4,April,Q2,2025,14,Tuesday,False,2025-04,FY2025-2026
2025-04-02,2,4,April,Q2,2025,14,Wednesday,False,2025-04,FY2025-2026
2025-04-03,3,4,April,Q2,2025,14,Thursday,False,2025-04,FY2025-2026
2025-04-04,4,4,April,Q2,2025,14,Friday,False,2025-04,FY2025-2026
2025-04-05,5,4,April,Q2,2025,14,Saturday,True,2025-04,FY2025-2026
2025-04-06,6,4,April,Q2,2025,14,Sunday,True,2025-04,FY2025-2026
2025-04-07,7,4,April,Q2,2025,15,Monday,False,2025-04,FY2025-2026
2025-04-08,8,4,April,Q2,2025,15,Tuesday,False,2025-04,FY2025-2026
2025-04-09,9,4,April,Q2,2025,15,Wednesday,False,2025-04,FY2025-2026
2025-04-10,10,4,April,Q2,2025,15,Thursday,False,2025-04,FY2025-2026
2025-04-11,11,4,April,Q2,2025,15,Friday,False,2025-04,FY2025-2026
2025-04-12,12,4,April,Q2,2025,15,Saturday,True,2025-04,FY2025-2026
2025-04-13,13,4,April,Q2,2025,15,Sunday,True,2025-04,FY2025-2026
2025-04-14,14,4,April,Q2,2025,16,Monday,False,2025-04,FY2025-2026
2025-04-15,15,4,April,Q2,2025,16,Tuesday,False,2025-04,FY2025-2026
2025-04-16,16,4,April,Q2,2025,16,Wednesday,False,2025-04,FY2025-2026
2025-04-17,17,4,April,Q2,2025,16,Thursday,False,2025-04,FY2025-2026
2025-04-18,18,4,April,Q2,2025,16,Friday,False,2025-04,FY2025-2026
2025-04-19,19,4,April,Q2,2025,16,Saturday,True,2025-04,FY2025-2026
2025-04-20,20,4,April,Q2,2025,16,Sunday,True,2025-04,FY2025-2026
2025-04-21,21,4,April,Q2,2025,17,Monday,False,2025-04,FY2025-2026
2025-04-22,22,4,April,Q2,2025,17,Tuesday,False,2025-04,FY2025-2026
2025-04-23,23,4,April,Q2,2025,17,Wednesday,False,2025-04,FY2025-2026
2025-04-24,24,4,April,Q2,2025,17,Thursday,False,2025-04,FY2025-2026
2025-04-25,25,4,April,Q2,2025,17,Friday,False,2025-04,FY2025-2026
2025-04-26,26,4,April,Q2,2025,17,Saturday,True,2025-04,FY2025-2026
2025-04-27,27,4,April,Q2,2025,17,Sunday,True,2025-04,FY2025-2026
2025-04-28,28,4,April,Q2,2025,18,Monday,False,2025-04,FY2025-2026
2025-04-29,29,4,April,Q2,2025,18,Tuesday,False,2025-04,FY2025-2026
2025-04-30,30,4,April,Q2,2025,18,Wednesday,False,2025-04,FY2025-2026
2025-05-01,1,5,May,Q2,2025,18,Thursday,False,2025-05,FY2025-2026
2025-05-02,2,5,May,Q2,2025,18,Friday,False,2025-05,FY2025-2026
2025-05-03,3,5,May,Q2,2025,18,Saturday,True,2025-05,FY2025-2026
2025-05-04,4,5,May,Q2,2025,18,Sunday,True,2025-05,FY2025-2026
2025-05-05,5,5,May,Q2,2025,19,Monday,False,2025-05,FY2025-2026
2025-05-06,6,5,May,Q2,2025,19,Tuesday,False,2025-05,FY2025-2026
2025-05-07,7,5,May,Q2,2025,19,Wednesday,False,2025-05,FY2025-2026
2025-05-08,8,5,May,Q2,2025,19,Thursday,False,2025-05,FY2025-2026
2025-05-09,9,5,May,Q2,2025,19,Friday,False,2025-05,FY2025-2026
2025-05-10,10,5,May,Q2,2025,19,Saturday,True,2025-05,FY2025-2026
2025-05-11,11,5,May,Q2,2025,19,Sunday,True,2025-05,FY2025-2026
2025-05-12,12,5,May,Q2,2025,20,Monday,False,2025-05,FY2025-2026
2025-05-13,13,5,May,Q2,2025,20,Tuesday,False,2025-05,FY2025-2026
2025-05-14,14,5,May,Q2,2025,20,Wednesday,False,2025-05,FY2025-2026
2025-05-15,15,5,May,Q2,2025,20,Thursday,False,2025-05,FY2025-2026
2025-05-16,16,5,May,Q2,2025,20,Friday,False,2025-05,FY2025-2026
2025-05-17,17,5,May,Q2,2025,20,Saturday,True,2025-05,FY2025-2026
2025-05-18,18,5,May,Q2,2025,20,Sunday,True,2025-05,FY2025-2026
2025-05-19,19,5,May,Q2,2025,21,Monday,False,2025-05,FY2025-2026
2025-05-20,20,5,May,Q2,2025,21,Tuesday,False,2025-05,FY2025-2026
2025-05-21,21,5,May,Q2,2025,21,Wednesday,False,2025-05,FY2025-2026
2025-05-22,22,5,May,Q2,2025,21,Thursday,False,2025-05,FY2025-2026
2025-05-23,23,5,May,Q2,2025,21,Friday,False,2025-05,FY2025-2026
2025-05-24,24,5,May,Q2,2025,21,Saturday,True,2025-05,FY2025-2026
2025-05-25,25,5,May,Q2,2025,21,Sunday,True,2025-05,FY2025-2026
2025-05-26,26,5,May,Q2,2025,22,Monday,False,2025-05,FY2025-2026
2025-05-27,27,5,May,Q2,2025,22,Tuesday,False,2025-05,FY2025-2026
2025-05-28,28,5,May,Q2,2025,22,Wednesday,False,2025-05,FY2025-2026
2025-05-29,29,5,May,Q2,2025,22,Thursday,False,2025-05,FY2025-2026
2025-05-30,30,5,May,Q2,2025,22,Friday,False,2025-05,FY2025-2026
2025-05-31,31,5,May,Q2,2025,22,Saturday,True,2025-05,FY2025-2026
2025-06-01,1,6,June,Q2,2025,22,Sunday,True,2025-06,FY2025-2026
2025-06-02,2,6,June,Q2,2025,23,Monday,False,2025-06,FY2025-2026
2025-06-03,3,6,June,Q2,2025,23,Tuesday,False,2025-06,FY2025-2026
2025-06-04,4,6,June,Q2,2025,23,Wednesday,False,2025-06,FY2025-2026
2025-06-05,5,6,June,Q2,2025,23,Thursday,False,2025-06,FY2025-2026
2025-06-06,6,6,June,Q2,2025,23,Friday,False,2025-06,FY2025-2026
2025-06-07,7,6,June,Q2,2025,23,Saturday,True,2025-06,FY2025-2026
2025-06-08,8,6,June,Q2,2025,23,Sunday,True,2025-06,FY2025-2026
2025-06-09,9,6,June,Q2,2025,24,Monday,False,2025-06,FY2025-2026
2025-06-10,10,6,June,Q2,2025,24,Tuesday,False,2025-06,FY2025-2026
2025-06-11,11,6,June,Q2,2025,24,Wednesday,False,2025-06,FY2025-2026
2025-06-12,12,6,June,Q2,2025,24,Thursday,False,2025-06,FY2025-2026
2025-06-13,13,6,June,Q2,2025,24,Friday,False,2025-06,FY2025-2026
2025-06-14,14,6,June,Q2,2025,24,Saturday,True,2025-06,FY2025-2026
2025-06-15,15,6,June,Q2,2025,24,Sunday,True,2025-06,FY2025-2026
2025-06-16,16,6,June,Q2,2025,25,Monday,False,2025-06,FY2025-2026
2025-06-17,17,6,June,Q2,2025,25,Tuesday,False,2025-06,FY2025-2026
2025-06-18,18,6,June,Q2,2025,25,Wednesday,False,2025-06,FY2025-2026
2025-06-19,19,6,June,Q2,2025,25,Thursday,False,2025-06,FY2025-2026
2025-06-20,20,6,June,Q2,2025,25,Friday,False,2025-06,FY2025-2026
2025-06-21,21,6,June,Q2,2025,25,Saturday,True,2025-06,FY2025-2026
2025-06-22,22,6,June,Q2,2025,25,Sunday,True,2025-06,FY2025-2026
2025-06-23,23,6,June,Q2,2025,26,Monday,False,2025-06,FY2025-2026
2025-06-24,24,6,June,Q2,2025,26,Tuesday,False,2025-06,FY2025-2026
2025-06-25,25,6,June,Q2,2025,26,Wednesday,False,2025-06,FY2025-2026
2025-06-26,26,6,June,Q2,2025,26,Thursday,False,2025-06,FY2025-2026
2025-06-27,27,6,June,Q2,2025,26,Friday,False,2025-06,FY2025-2026
2025-06-28,28,6,June,Q2,2025,26,Saturday,True,2025-06,FY2025-2026
2025-06-29,29,6,June,Q2,2025,26,Sunday,True,2025-06,FY2025-2026
2025-06-30,30,6,June,Q2,2025,27,Monday,False,2025-06,FY2025-2026
2025-07-01,1,7,July,Q3,2025,27,Tuesday,False,2025-07,FY2025-2026
2025-07-02,2,7,July,Q3,2025,27,Wednesday,False,2025-07,FY2025-2026
2025-07-03,3,7,July,Q3,2025,27,Thursday,False,2025-07,FY2025-2026
2025-07-04,4,7,July,Q3,2025,27,Friday,False,2025-07,FY2025-2026
2025-07-05,5,7,July,Q3,2025,27,Saturday,True,2025-07,FY2025-2026
2025-07-06,6,7,July,Q3,2025,27,Sunday,True,2025-07,FY2025-2026
2025-07-07,7,7,July,Q3,2025,28,Monday,False,2025-07,FY2025-2026
2025-07-08,8,7,July,Q3,2025,28,Tuesday,False,2025-07,FY2025-2026
2025-07-09,9,7,July,Q3,2025,28,Wednesday,False,2025-07,FY2025-2026
2025-07-10,10,7,July,Q3,2025,28,Thursday,False,2025-07,FY2025-2026
2025-07-11,11,7,July,Q3,2025,28,Friday,False,2025-07,FY2025-2026
2025-07-12,12,7,July,Q3,2025,28,Saturday,True,2025-07,FY2025-2026
2025-07-13,13,7,July,Q3,2025,28,Sunday,True,2025-07,FY2025-2026
2025-07-14,14,7,July,Q3,2025,29,Monday,False,2025-07,FY2025-2026
2025-07-15,15,7,July,Q3,2025,29,Tuesday,False,2025-07,FY2025-2026
2025-07-16,16,7,July,Q3,2025,29,Wednesday,False,2025-07,FY2025-2026
2025-07-17,17,7,July,Q3,2025,29,Thursday,False,2025-07,FY2025-2026
2025-07-18,18,7,July,Q3,2025,29,Friday,False,2025-07,FY2025-2026
2025-07-19,19,7,July,Q3,2025,29,Saturday,True,2025-07,FY2025-2026
2025-07-20,20,7,July,Q3,2025,29,Sunday,True,2025-07,FY2025-2026
2025-07-21,21,7,July,Q3,2025,30,Monday,False,2025-07,FY2025-2026
2025-07-22,22,7,July,Q3,2025,30,Tuesday,False,2025-07,FY2025-2026
2025-07-23,23,7,July,Q3,2025,30,Wednesday,False,2025-07,FY2025-2026
2025-07-24,24,7,July,Q3,2025,30,Thursday,False,2025-07,FY2025-2026
2025-07-25,25,7,July,Q3,2025,30,Friday,False,2025-07,FY2025-2026
2025-07-26,26,7,July,Q3,2025,30,Saturday,True,2025-07,FY2025-2026
2025-07-27,27,7,July,Q3,2025,30,Sunday,True,2025-07,FY2025-2026
2025-07-28,28,7,July,Q3,2025,31,Monday,False,2025-07,FY2025-2026
2025-07-29,29,7,July,Q3,2025,31,Tuesday,False,2025-07,FY2025-2026
2025-07-30,30,7,July,Q3,2025,31,Wednesday,False,2025-07,FY2025-2026
2025-07-31,31,7,July,Q3,2025,31,Thursday,False,2025-07,FY2025-2026
2025-08-01,1,8,August,Q3,2025,31,Friday,False,2025-08,FY2025-2026
2025-08-02,2,8,August,Q3,2025,31,Saturday,True,2025-08,FY2025-2026
2025-08-03,3,8,August,Q3,2025,31,Sunday,True,2025-08,FY2025-2026
2025-08-04,4,8,August,Q3,2025,32,Monday,False,2025-08,FY2025-2026
2025-08-05,5,8,August,Q3,2025,32,Tuesday,False,2025-08,FY2025-2026
2025-08-06,6,8,August,Q3,2025,32,Wednesday,False,2025-08,FY2025-2026
2025-08-07,7,8,August,Q3,2025,32,Thursday,False,2025-08,FY2025-2026
2025-08-08,8,8,August,Q3,2025,32,Friday,False,2025-08,FY2025-2026
2025-08-09,9,8,August,Q3,2025,32,Saturday,True,2025-08,FY2025-2026
2025-08-10,10,8,August,Q3,2025,32,Sunday,True,2025-08,FY2025-2026
2025-08-11,11,8,August,Q3,2025,33,Monday,False,2025-08,FY2025-2026
2025-08-12,12,8,August,Q3,2025,33,Tuesday,False,2025-08,FY2025-2026
2025-08-13,13,8,August,Q3,2025,33,Wednesday,False,2025-08,FY2025-2026
2025-08-14,14,8,August,Q3,2025,33,Thursday,False,2025-08,FY2025-2026
2025-08-15,15,8,August,Q3,2025,33,Friday,False,2025-08,FY2025-2026
2025-08-16,16,8,August,Q3,2025,33,Saturday,True,2025-08,FY2025-2026
2025-08-17,17,8,August,Q3,2025,33,Sunday,True,2025-08,FY2025-2026
2025-08-18,18,8,August,Q3,2025,34,Monday,False,2025-08,FY2025-2026
2025-08-19,19,8,August,Q3,2025,34,Tuesday,False,2025-08,FY2025-2026
2025-08-20,20,8,August,Q3,2025,34,Wednesday,False,2025-08,FY2025-2026
2025-08-21,21,8,August,Q3,2025,34,Thursday,False,2025-08,FY2025-2026
2025-08-22,22,8,August,Q3,2025,34,Friday,False,2025-08,FY2025-2026
2025-08-23,23,8,August,Q3,2025,34,Saturday,True,2025-08,FY2025-2026
2025-08-24,24,8,August,Q3,2025,34,Sunday,True,2025-08,FY2025-2026
2025-08-25,25,8,August,Q3,2025,35,Monday,False,2025-08,FY2025-2026
2025-08-26,26,8,August,Q3,2025,35,Tuesday,False,2025-08,FY2025-2026
2025-08-27,27,8,August,Q3,2025,35,Wednesday,False,2025-08,FY2025-2026
2025-08-28,28,8,August,Q3,2025,35,Thursday,False,2025-08,FY2025-2026
2025-08-29,29,8,August,Q3,2025,35,Friday,False,2025-08,FY2025-2026
2025-08-30,30,8,August,Q3,2025,35,Saturday,True,2025-08,FY2025-2026
2025-08-31,31,8,August,Q3,2025,35,Sunday,True,2025-08,FY2025-2026
2025-09-01,1,9,September,Q3,2025,36,Monday,False,2025-09,FY2025-2026
2025-09-02,2,9,September,Q3,2025,36,Tuesday,False,2025-09,FY2025-2026
2025-09-03,3,9,September,Q3,2025,36,Wednesday,False,2025-09,FY2025-2026
2025-09-04,4,9,September,Q3,2025,36,Thursday,False,2025-09,FY2025-2026
2025-09-05,5,9,September,Q3,2025,36,Friday,False,2025-09,FY2025-2026
2025-09-06,6,9,September,Q3,2025,36,Saturday,True,2025-09,FY2025-2026
2025-09-07,7,9,September,Q3,2025,36,Sunday,True,2025-09,FY2025-2026
2025-09-08,8,9,September,Q3,2025,37,Monday,False,2025-09,FY2025-2026
2025-09-09,9,9,September,Q3,2025,37,Tuesday,False,2025-09,FY2025-2026
2025-09-10,10,9,September,Q3,2025,37,Wednesday,False,2025-09,FY2025-2026
2025-09-11,11,9,September,Q3,2025,37,Thursday,False,2025-09,FY2025-2026
2025-09-12,12,9,September,Q3,2025,37,Friday,False,2025-09,FY2025-2026
2025-09-13,13,9,September,Q3,2025,37,Saturday,True,2025-09,FY2025-2026
2025-09-14,14,9,September,Q3,2025,37,Sunday,True,2025-09,FY2025-2026
2025-09-15,15,9,September,Q3,2025,38,Monday,False,2025-09,FY2025-2026
2025-09-16,16,9,September,Q3,2025,38,Tuesday,False,2025-09,FY2025-2026
2025-09-17,17,9,September,Q3,2025,38,Wednesday,False,2025-09,FY2025-2026
2025-09-18,18,9,September,Q3,2025,38,Thursday,False,2025-09,FY2025-2026
2025-09-19,19,9,September,Q3,2025,38,Friday,False,2025-09,FY2025-2026
2025-09-20,20,9,September,Q3,2025,38,Saturday,True,2025-09,FY2025-2026
2025-09-21,21,9,September,Q3,2025,38,Sunday,True,2025-09,FY2025-2026
2025-09-22,22,9,September,Q3,2025,39,Monday,False,2025-09,FY2025-2026
2025-09-23,23,9,September,Q3,2025,39,Tuesday,False,2025-09,FY2025-2026
2025-09-24,24,9,September,Q3,2025,39,Wednesday,False,2025-09,FY2025-2026
2025-09-25,25,9,September,Q3,2025,39,Thursday,False,2025-09,FY2025-2026
2025-09-26,26,9,September,Q3,2025,39,Friday,False,2025-09,FY2025-2026
2025-09-27,27,9,September,Q3,2025,39,Saturday,True,2025-09,FY2025-2026
2025-09-28,28,9,September,Q3,2025,39,Sunday,True,2025-09,FY2025-2026
2025-09-29,29,9,September,Q3,2025,40,Monday,False,2025-09,FY2025-2026
2025-09-30,30,9,September,Q3,2025,40,Tuesday,False,2025-09,FY2025-2026
2025-10-01,1,10,October,Q4,2025,40,Wednesday,False,2025-10,FY2025-2026
2025-10-02,2,10,October,Q4,2025,40,Thursday,False,2025-10,FY2025-2026
2025-10-03,3,10,October,Q4,2025,40,Friday,False,2025-10,FY2025-2026
2025-10-04,4,10,October,Q4,2025,40,Saturday,True,2025-10,FY2025-2026
2025-10-05,5,10,October,Q4,2025,40,Sunday,True,2025-10,FY2025-2026
2025-10-06,6,10,October,Q4,2025,41,Monday,False,2025-10,FY2025-2026
2025-10-07,7,10,October,Q4,2025,41,Tuesday,False,2025-10,FY2025-2026
2025-10-08,8,10,October,Q4,2025,41,Wednesday,False,2025-10,FY2025-2026
2025-10-09,9,10,October,Q4,2025,41,Thursday,False,2025-10,FY2025-2026
2025-10-10,10,10,October,Q4,2025,41,Friday,False,2025-10,FY2025-2026
2025-10-11,11,10,October,Q4,2025,41,Saturday,True,2025-10,FY2025-2026
2025-10-12,12,10,October,Q4,2025,41,Sunday,True,2025-10,FY2025-2026
2025-10-13,13,10,October,Q4,2025,42,Monday,False,2025-10,FY2025-2026
2025-10-14,14,10,October,Q4,2025,42,Tuesday,False,2025-10,FY2025-2026
2025-10-15,15,10,October,Q4,2025,42,Wednesday,False,2025-10,FY2025-2026
2025-10-16,16,10,October,Q4,2025,42,Thursday,False,2025-10,FY2025-2026
2025-10-17,17,10,October,Q4,2025,42,Friday,False,2025-10,FY2025-2026
2025-10-18,18,10,October,Q4,2025,42,Saturday,True,2025-10,FY2025-2026
2025-10-19,19,10,October,Q4,2025,42,Sunday,True,2025-10,FY2025-2026
2025-10-20,20,10,October,Q4,2025,43,Monday,False,2025-10,FY2025-2026
2025-10-21,21,10,October,Q4,2025,43,Tuesday,False,2025-10,FY2025-2026
2025-10-22,22,10,October,Q4,2025,43,Wednesday,False,2025-10,FY2025-2026
2025-10-23,23,10,October,Q4,2025,43,Thursday,False,2025-10,FY2025-2026
2025-10-24,24,10,October,Q4,2025,43,Friday,False,2025-10,FY2025-2026
2025-10-25,25,10,October,Q4,2025,43,Saturday,True,2025-10,FY2025-2026
2025-10-26,26,10,October,Q4,2025,43,Sunday,True,2025-10,FY2025-2026
2025-10-27,27,10,October,Q4,2025,44,Monday,False,2025-10,FY2025-2026
2025-10-28,28,10,October,Q4,2025,44,Tuesday,False,2025-10,FY2025-2026
2025-10-29,29,10,October,Q4,2025,44,Wednesday,False,2025-10,FY2025-2026
2025-10-30,30,10,October,Q4,2025,44,Thursday,False,2025-10,FY2025-2026
2025-10-31,31,10,October,Q4,2025,44,Friday,False,2025-10,FY2025-2026
2025-11-01,1,11,November,Q4,2025,44,Saturday,True,2025-11,FY2025-2026
2025-11-02,2,11,November,Q4,2025,44,Sunday,True,2025-11,FY2025-2026
2025-11-03,3,11,November,Q4,2025,45,Monday,False,2025-11,FY2025-2026
2025-11-04,4,11,November,Q4,2025,45,Tuesday,False,2025-11,FY2025-2026
2025-11-05,5,11,November,Q4,2025,45,Wednesday,False,2025-11,FY2025-2026
2025-11-06,6,11,November,Q4,2025,45,Thursday,False,2025-11,FY2025-2026
2025-11-07,7,11,November,Q4,2025,45,Friday,False,2025-11,FY2025-2026
2025-11-08,8,11,November,Q4,2025,45,Saturday,True,2025-11,FY2025-2026
2025-11-09,9,11,November,Q4,2025,45,Sunday,True,2025-11,FY2025-2026
2025-11-10,10,11,November,Q4,2025,46,Monday,False,2025-11,FY2025-2026
2025-11-11,11,11,November,Q4,2025,46,Tuesday,False,2025-11,FY2025-2026
2025-11-12,12,11,November,Q4,2025,46,Wednesday,False,2025-11,FY2025-2026
2025-11-13,13,11,November,Q4,2025,46,Thursday,False,2025-11,FY2025-2026
2025-11-14,14,11,November,Q4,2025,46,Friday,False,2025-11,FY2025-2026
2025-11-15,15,11,November,Q4,2025,46,Saturday,True,2025-11,FY2025-2026
2025-11-16,16,11,November,Q4,2025,46,Sunday,True,2025-11,FY2025-2026
2025-11-17,17,11,November,Q4,2025,47,Monday,False,2025-11,FY2025-2026
2025-11-18,18,11,November,Q4,2025,47,Tuesday,False,2025-11,FY2025-2026
2025-11-19,19,11,November,Q4,2025,47,Wednesday,False,2025-11,FY2025-2026
2025-11-20,20,11,November,Q4,2025,47,Thursday,False,2025-11,FY2025-2026
2025-11-21,21,11,November,Q4,2025,47,Friday,False,2025-11,FY2025-2026
2025-11-22,22,11,November,Q4,2025,47,Saturday,True,2025-11,FY2025-2026
2025-11-23,23,11,November,Q4,2025,47,Sunday,True,2025-11,FY2025-2026
2025-11-24,24,11,November,Q4,2025,48,Monday,False,2025-11,FY2025-2026
2025-11-25,25,11,November,Q4,2025,48,Tuesday,False,2025-11,FY2025-2026
2025-11-26,26,11,November,Q4,2025,48,Wednesday,False,2025-11,FY2025-2026
2025-11-27,27,11,November,Q4,2025,48,Thursday,False,2025-11,FY2025-2026
2025-11-28,28,11,November,Q4,2025,48,Friday,False,2025-11,FY2025-2026
2025-11-29,29,11,November,Q4,2025,48,Saturday,True,2025-11,FY2025-2026
2025-11-30,30,11,November,Q4,2025,48,Sunday,True,2025-11,FY2025-2026
2025-12-01,1,12,December,Q4,2025,49,Monday,False,2025-12,FY2025-2026
2025-12-02,2,12,December,Q4,2025,49,Tuesday,False,2025-12,FY2025-2026
2025-12-03,3,12,December,Q4,2025,49,Wednesday,False,2025-12,FY2025-2026
2025-12-04,4,12,December,Q4,2025,49,Thursday,False,2025-12,FY2025-2026
2025-12-05,5,12,December,Q4,2025,49,Friday,False,2025-12,FY2025-2026
2025-12-06,6,12,December,Q4,2025,49,Saturday,True,2025-12,FY2025-2026
2025-12-07,7,12,December,Q4,2025,49,Sunday,True,2025-12,FY2025-2026
2025-12-08,8,12,December,Q4,2025,50,Monday,False,2025-12,FY2025-2026
2025-12-09,9,12,December,Q4,2025,50,Tuesday,False,2025-12,FY2025-2026
2025-12-10,10,12,December,Q4,2025,50,Wednesday,False,2025-12,FY2025-2026
2025-12-11,11,12,December,Q4,2025,50,Thursday,False,2025-12,FY2025-2026
2025-12-12,12,12,December,Q4,2025,50,Friday,False,2025-12,FY2025-2026
2025-12-13,13,12,December,Q4,2025,50,Saturday,True,2025-12,FY2025-2026
2025-12-14,14,12,December,Q4,2025,50,Sunday,True,2025-12,FY2025-2026
2025-12-15,15,12,December,Q4,2025,51,Monday,False,2025-12,FY2025-2026
2025-12-16,16,12,December,Q4,2025,51,Tuesday,False,2025-12,FY2025-2026
2025-12-17,17,12,December,Q4,2025,51,Wednesday,False,2025-12,FY2025-2026
2025-12-18,18,12,December,Q4,2025,51,Thursday,False,2025-12,FY2025-2026
2025-12-19,19,12,December,Q4,2025,51,Friday,False,2025-12,FY2025-2026
2025-12-20,20,12,December,Q4,2025,51,Saturday,True,2025-12,FY2025-2026
2025-12-21,21,12,December,Q4,2025,51,Sunday,True,2025-12,FY2025-2026
2025-12-22,22,12,December,Q4,2025,52,Monday,False,2025-12,FY2025-2026
2025-12-23,23,12,December,Q4,2025,52,Tuesday,False,2025-12,FY2025-2026
2025-12-24,24,12,December,Q4,2025,52,Wednesday,False,2025-12,FY2025-2026
2025-12-25,25,12,December,Q4,2025,52,Thursday,False,2025-12,FY2025-2026
2025-12-26,26,12,December,Q4,2025,52,Friday,False,2025-12,FY2025-2026
2025-12-27,27,12,December,Q4,2025,52,Saturday,True,2025-12,FY2025-2026
2025-12-28,28,12,December,Q4,2025,52,Sunday,True,2025-12,FY2025-2026
2025-12-29,29,12,December,Q4,2025,1,Monday,False,2025-12,FY2025-2026
2025-12-30,30,12,December,Q4,2025,1,Tuesday,False,2025-12,FY2025-2026
2025-12-31,31,12,December,Q4,2025,1,Wednesday,False,2025-12,FY2025-2026
2026-01-01,1,1,January,Q1,2026,1,Thursday,False,2026-01,FY2025-2026
2026-01-02,2,1,January,Q1,2026,1,Friday,False,2026-01,FY2025-2026
2026-01-03,3,1,January,Q1,2026,1,Saturday,True,2026-01,FY2025-2026
2026-01-04,4,1,January,Q1,2026,1,Sunday,True,2026-01,FY2025-2026
2026-01-05,5,1,January,Q1,2026,2,Monday,False,2026-01,FY2025-2026
2026-01-06,6,1,January,Q1,2026,2,Tuesday,False,2026-01,FY2025-2026
2026-01-07,7,1,January,Q1,2026,2,Wednesday,False,2026-01,FY2025-2026
2026-01-08,8,1,January,Q1,2026,2,Thursday,False,2026-01,FY2025-2026
2026-01-09,9,1,January,Q1,2026,2,Friday,False,2026-01,FY2025-2026
2026-01-10,10,1,January,Q1,2026,2,Saturday,True,2026-01,FY2025-2026
2026-01-11,11,1,January,Q1,2026,2,Sunday,True,2026-01,FY2025-2026
2026-01-12,12,1,January,Q1,2026,3,Monday,False,2026-01,FY2025-2026
2026-01-13,13,1,January,Q1,2026,3,Tuesday,False,2026-01,FY2025-2026
2026-01-14,14,1,January,Q1,2026,3,Wednesday,False,2026-01,FY2025-2026
2026-01-15,15,1,January,Q1,2026,3,Thursday,False,2026-01,FY2025-2026
2026-01-16,16,1,January,Q1,2026,3,Friday,False,2026-01,FY2025-2026
2026-01-17,17,1,January,Q1,2026,3,Saturday,True,2026-01,FY2025-2026
2026-01-18,18,1,January,Q1,2026,3,Sunday,True,2026-01,FY2025-2026
2026-01-19,19,1,January,Q1,2026,4,Monday,False,2026-01,FY2025-2026
2026-01-20,20,1,January,Q1,2026,4,Tuesday,False,2026-01,FY2025-2026
2026-01-21,21,1,January,Q1,2026,4,Wednesday,False,2026-01,FY2025-2026
2026-01-22,22,1,January,Q1,2026,4,Thursday,False,2026-01,FY2025-2026
2026-01-23,23,1,January,Q1,2026,4,Friday,False,2026-01,FY2025-2026
2026-01-24,24,1,January,Q1,2026,4,Saturday,True,2026-01,FY2025-2026
2026-01-25,25,1,January,Q1,2026,4,Sunday,True,2026-01,FY2025-2026
2026-01-26,26,1,January,Q1,2026,5,Monday,False,2026-01,FY2025-2026
2026-01-27,27,1,January,Q1,2026,5,Tuesday,False,2026-01,FY2025-2026
2026-01-28,28,1,January,Q1,2026,5,Wednesday,False,2026-01,FY2025-2026
2026-01-29,29,1,January,Q1,2026,5,Thursday,False,2026-01,FY2025-2026
2026-01-30,30,1,January,Q1,2026,5,Friday,False,2026-01,FY2025-2026
2026-01-31,31,1,January,Q1,2026,5,Saturday,True,2026-01,FY2025-2026
2026-02-01,1,2,February,Q1,2026,5,Sunday,True,2026-02,FY2025-2026
2026-02-02,2,2,February,Q1,2026,6,Monday,False,2026-02,FY2025-2026
2026-02-03,3,2,February,Q1,2026,6,Tuesday,False,2026-02,FY2025-2026
2026-02-04,4,2,February,Q1,2026,6,Wednesday,False,2026-02,FY2025-2026
2026-02-05,5,2,February,Q1,2026,6,Thursday,False,2026-02,FY2025-2026
2026-02-06,6,2,February,Q1,2026,6,Friday,False,2026-02,FY2025-2026
2026-02-07,7,2,February,Q1,2026,6,Saturday,True,2026-02,FY2025-2026
2026-02-08,8,2,February,Q1,2026,6,Sunday,True,2026-02,FY2025-2026
2026-02-09,9,2,February,Q1,2026,7,Monday,False,2026-02,FY2025-2026
2026-02-10,10,2,February,Q1,2026,7,Tuesday,False,2026-02,FY2025-2026
2026-02-11,11,2,February,Q1,2026,7,Wednesday,False,2026-02,FY2025-2026
2026-02-12,12,2,February,Q1,2026,7,Thursday,False,2026-02,FY2025-2026
2026-02-13,13,2,February,Q1,2026,7,Friday,False,2026-02,FY2025-2026
2026-02-14,14,2,February,Q1,2026,7,Saturday,True,2026-02,FY2025-2026
2026-02-15,15,2,February,Q1,2026,7,Sunday,True,2026-02,FY2025-2026
2026-02-16,16,2,February,Q1,2026,8,Monday,False,2026-02,FY2025-2026
2026-02-17,17,2,February,Q1,2026,8,Tuesday,False,2026-02,FY2025-2026
2026-02-18,18,2,February,Q1,2026,8,Wednesday,False,2026-02,FY2025-2026
2026-02-19,19,2,February,Q1,2026,8,Thursday,False,2026-02,FY2025-2026
2026-02-20,20,2,February,Q1,2026,8,Friday,False,2026-02,FY2025-2026
2026-02-21,21,2,February,Q1,2026,8,Saturday,True,2026-02,FY2025-2026
2026-02-22,22,2,February,Q1,2026,8,Sunday,True,2026-02,FY2025-2026
2026-02-23,23,2,February,Q1,2026,9,Monday,False,2026-02,FY2025-2026
2026-02-24,24,2,February,Q1,2026,9,Tuesday,False,2026-02,FY2025-2026
2026-02-25,25,2,February,Q1,2026,9,Wednesday,False,2026-02,FY2025-2026
2026-02-26,26,2,February,Q1,2026,9,Thursday,False,2026-02,FY2025-2026
2026-02-27,27,2,February,Q1,2026,9,Friday,False,2026-02,FY2025-2026
2026-02-28,28,2,February,Q1,2026,9,Saturday,True,2026-02,FY2025-2026
2026-03-01,1,3,March,Q1,2026,9,Sunday,True,2026-03,FY2025-2026
2026-03-02,2,3,March,Q1,2026,10,Monday,False,2026-03,FY2025-2026
2026-03-03,3,3,March,Q1,2026,10,Tuesday,False,2026-03,FY2025-2026
2026-03-04,4,3,March,Q1,2026,10,Wednesday,False,2026-03,FY2025-2026
2026-03-05,5,3,March,Q1,2026,10,Thursday,False,2026-03,FY2025-2026
2026-03-06,6,3,March,Q1,2026,10,Friday,False,2026-03,FY2025-2026
2026-03-07,7,3,March,Q1,2026,10,Saturday,True,2026-03,FY2025-2026
2026-03-08,8,3,March,Q1,2026,10,Sunday,True,2026-03,FY2025-2026
2026-03-09,9,3,March,Q1,2026,11,Monday,False,2026-03,FY2025-2026
2026-03-10,10,3,March,Q1,2026,11,Tuesday,False,2026-03,FY2025-2026
2026-03-11,11,3,March,Q1,2026,11,Wednesday,False,2026-03,FY2025-2026
2026-03-12,12,3,March,Q1,2026,11,Thursday,False,2026-03,FY2025-2026
2026-03-13,13,3,March,Q1,2026,11,Friday,False,2026-03,FY2025-2026
2026-03-14,14,3,March,Q1,2026,11,Saturday,True,2026-03,FY2025-2026
2026-03-15,15,3,March,Q1,2026,11,Sunday,True,2026-03,FY2025-2026
2026-03-16,16,3,March,Q1,2026,12,Monday,False,2026-03,FY2025-2026
2026-03-17,17,3,March,Q1,2026,12,Tuesday,False,2026-03,FY2025-2026
2026-03-18,18,3,March,Q1,2026,12,Wednesday,False,2026-03,FY2025-2026
2026-03-19,19,3,March,Q1,2026,12,Thursday,False,2026-03,FY2025-2026
2026-03-20,20,3,March,Q1,2026,12,Friday,False,2026-03,FY2025-2026
2026-03-21,21,3,March,Q1,2026,12,Saturday,True,2026-03,FY2025-2026
2026-03-22,22,3,March,Q1,2026,12,Sunday,True,2026-03,FY2025-2026
2026-03-23,23,3,March,Q1,2026,13,Monday,False,2026-03,FY2025-2026
2026-03-24,24,3,March,Q1,2026,13,Tuesday,False,2026-03,FY2025-2026
2026-03-25,25,3,March,Q1,2026,13,Wednesday,False,2026-03,FY2025-2026
2026-03-26,26,3,March,Q1,2026,13,Thursday,False,2026-03,FY2025-2026
2026-03-27,27,3,March,Q1,2026,13,Friday,False,2026-03,FY2025-2026
2026-03-28,28,3,March,Q1,2026,13,Saturday,True,2026-03,FY2025-2026
2026-03-29,29,3,March,Q1,2026,13,Sunday,True,2026-03,FY2025-2026
2026-03-30,30,3,March,Q1,2026,14,Monday,False,2026-03,FY2025-2026
2026-03-31,31,3,March,Q1,2026,14,Tuesday,False,2026-03,FY2025-2026
2026-04-01,1,4,April,Q2,2026,14,Wednesday,False,2026-04,FY2026-2027
2026-04-02,2,4,April,Q2,2026,14,Thursday,False,2026-04,FY2026-2027
2026-04-03,3,4,April,Q2,2026,14,Friday,False,2026-04,FY2026-2027
2026-04-04,4,4,April,Q2,2026,14,Saturday,True,2026-04,FY2026-2027
2026-04-05,5,4,April,Q2,2026,14,Sunday,True,2026-04,FY2026-2027
2026-04-06,6,4,April,Q2,2026,15,Monday,False,2026-04,FY2026-2027
2026-04-07,7,4,April,Q2,2026,15,Tuesday,False,2026-04,FY2026-2027
2026-04-08,8,4,April,Q2,2026,15,Wednesday,False,2026-04,FY2026-2027
2026-04-09,9,4,April,Q2,2026,15,Thursday,False,2026-04,FY2026-2027
2026-04-10,10,4,April,Q2,2026,15,Friday,False,2026-04,FY2026-2027
2026-04-11,11,4,April,Q2,2026,15,Saturday,True,2026-04,FY2026-2027
2026-04-12,12,4,April,Q2,2026,15,Sunday,True,2026-04,FY2026-2027
2026-04-13,13,4,April,Q2,2026,16,Monday,False,2026-04,FY2026-2027
2026-04-14,14,4,April,Q2,2026,16,Tuesday,False,2026-04,FY2026-2027
2026-04-15,15,4,April,Q2,2026,16,Wednesday,False,2026-04,FY2026-2027
2026-04-16,16,4,April,Q2,2026,16,Thursday,False,2026-04,FY2026-2027
2026-04-17,17,4,April,Q2,2026,16,Friday,False,2026-04,FY2026-2027
2026-04-18,18,4,April,Q2,2026,16,Saturday,True,2026-04,FY2026-2027
2026-04-19,19,4,April,Q2,2026,16,Sunday,True,2026-04,FY2026-2027
2026-04-20,20,4,April,Q2,2026,17,Monday,False,2026-04,FY2026-2027
2026-04-21,21,4,April,Q2,2026,17,Tuesday,False,2026-04,FY2026-2027
2026-04-22,22,4,April,Q2,2026,17,Wednesday,False,2026-04,FY2026-2027
2026-04-23,23,4,April,Q2,2026,17,Thursday,False,2026-04,FY2026-2027
2026-04-24,24,4,April,Q2,2026,17,Friday,False,2026-04,FY2026-2027
2026-04-25,25,4,April,Q2,2026,17,Saturday,True,2026-04,FY2026-2027
2026-04-26,26,4,April,Q2,2026,17,Sunday,True,2026-04,FY2026-2027
2026-04-27,27,4,April,Q2,2026,18,Monday,False,2026-04,FY2026-2027
2026-04-28,28,4,April,Q2,2026,18,Tuesday,False,2026-04,FY2026-2027
2026-04-29,29,4,April,Q2,2026,18,Wednesday,False,2026-04,FY2026-2027
2026-04-30,30,4,April,Q2,2026,18,Thursday,False,2026-04,FY2026-2027
2026-05-01,1,5,May,Q2,2026,18,Friday,False,2026-05,FY2026-2027
2026-05-02,2,5,May,Q2,2026,18,Saturday,True,2026-05,FY2026-2027
2026-05-03,3,5,May,Q2,2026,18,Sunday,True,2026-05,FY2026-2027
2026-05-04,4,5,May,Q2,2026,19,Monday,False,2026-05,FY2026-2027
2026-05-05,5,5,May,Q2,2026,19,Tuesday,False,2026-05,FY2026-2027
2026-05-06,6,5,May,Q2,2026,19,Wednesday,False,2026-05,FY2026-2027
2026-05-07,7,5,May,Q2,2026,19,Thursday,False,2026-05,FY2026-2027
2026-05-08,8,5,May,Q2,2026,19,Friday,False,2026-05,FY2026-2027
2026-05-09,9,5,May,Q2,2026,19,Saturday,True,2026-05,FY2026-2027
2026-05-10,10,5,May,Q2,2026,19,Sunday,True,2026-05,FY2026-2027
2026-05-11,11,5,May,Q2,2026,20,Monday,False,2026-05,FY2026-2027
2026-05-12,12,5,May,Q2,2026,20,Tuesday,False,2026-05,FY2026-2027
2026-05-13,13,5,May,Q2,2026,20,Wednesday,False,2026-05,FY2026-2027
2026-05-14,14,5,May,Q2,2026,20,Thursday,False,2026-05,FY2026-2027
2026-05-15,15,5,May,Q2,2026,20,Friday,False,2026-05,FY2026-2027
2026-05-16,16,5,May,Q2,2026,20,Saturday,True,2026-05,FY2026-2027
2026-05-17,17,5,May,Q2,2026,20,Sunday,True,2026-05,FY2026-2027
2026-05-18,18,5,May,Q2,2026,21,Monday,False,2026-05,FY2026-2027
2026-05-19,19,5,May,Q2,2026,21,Tuesday,False,2026-05,FY2026-2027
2026-05-20,20,5,May,Q2,2026,21,Wednesday,False,2026-05,FY2026-2027
2026-05-21,21,5,May,Q2,2026,21,Thursday,False,2026-05,FY2026-2027
2026-05-22,22,5,May,Q2,2026,21,Friday,False,2026-05,FY2026-2027
2026-05-23,23,5,May,Q2,2026,21,Saturday,True,2026-05,FY2026-2027
2026-05-24,24,5,May,Q2,2026,21,Sunday,True,2026-05,FY2026-2027
2026-05-25,25,5,May,Q2,2026,22,Monday,False,2026-05,FY2026-2027
2026-05-26,26,5,May,Q2,2026,22,Tuesday,False,2026-05,FY2026-2027
2026-05-27,27,5,May,Q2,2026,22,Wednesday,False,2026-05,FY2026-2027
2026-05-28,28,5,May,Q2,2026,22,Thursday,False,2026-05,FY2026-2027
2026-05-29,29,5,May,Q2,2026,22,Friday,False,2026-05,FY2026-2027
2026-05-30,30,5,May,Q2,2026,22,Saturday,True,2026-05,FY2026-2027
2026-05-31,31,5,May,Q2,2026,22,Sunday,True,2026-05,FY2026-2027
2026-06-01,1,6,June,Q2,2026,23,Monday,False,2026-06,FY2026-2027
2026-06-02,2,6,June,Q2,2026,23,Tuesday,False,2026-06,FY2026-2027
2026-06-03,3,6,June,Q2,2026,23,Wednesday,False,2026-06,FY2026-2027
2026-06-04,4,6,June,Q2,2026,23,Thursday,False,2026-06,FY2026-2027
2026-06-05,5,6,June,Q2,2026,23,Friday,False,2026-06,FY2026-2027
2026-06-06,6,6,June,Q2,2026,23,Saturday,True,2026-06,FY2026-2027
2026-06-07,7,6,June,Q2,2026,23,Sunday,True,2026-06,FY2026-2027
2026-06-08,8,6,June,Q2,2026,24,Monday,False,2026-06,FY2026-2027
2026-06-09,9,6,June,Q2,2026,24,Tuesday,False,2026-06,FY2026-2027
2026-06-10,10,6,June,Q2,2026,24,Wednesday,False,2026-06,FY2026-2027
2026-06-11,11,6,June,Q2,2026,24,Thursday,False,2026-06,FY2026-2027
2026-06-12,12,6,June,Q2,2026,24,Friday,False,2026-06,FY2026-2027
2026-06-13,13,6,June,Q2,2026,24,Saturday,True,2026-06,FY2026-2027
2026-06-14,14,6,June,Q2,2026,24,Sunday,True,2026-06,FY2026-2027
2026-06-15,15,6,June,Q2,2026,25,Monday,False,2026-06,FY2026-2027
2026-06-16,16,6,June,Q2,2026,25,Tuesday,False,2026-06,FY2026-2027
2026-06-17,17,6,June,Q2,2026,25,Wednesday,False,2026-06,FY2026-2027
2026-06-18,18,6,June,Q2,2026,25,Thursday,False,2026-06,FY2026-2027
2026-06-19,19,6,June,Q2,2026,25,Friday,False,2026-06,FY2026-2027
2026-06-20,20,6,June,Q2,2026,25,Saturday,True,2026-06,FY2026-2027
2026-06-21,21,6,June,Q2,2026,25,Sunday,True,2026-06,FY2026-2027
2026-06-22,22,6,June,Q2,2026,26,Monday,False,2026-06,FY2026-2027
2026-06-23,23,6,June,Q2,2026,26,Tuesday,False,2026-06,FY2026-2027
2026-06-24,24,6,June,Q2,2026,26,Wednesday,False,2026-06,FY2026-2027
2026-06-25,25,6,June,Q2,2026,26,Thursday,False,2026-06,FY2026-2027
2026-06-26,26,6,June,Q2,2026,26,Friday,False,2026-06,FY2026-2027
2026-06-27,27,6,June,Q2,2026,26,Saturday,True,2026-06,FY2026-2027
2026-06-28,28,6,June,Q2,2026,26,Sunday,True,2026-06,FY2026-2027
2026-06-29,29,6,June,Q2,2026,27,Monday,False,2026-06,FY2026-2027
2026-06-30,30,6,June,Q2,2026,27,Tuesday,False,2026-06,FY2026-2027
2026-07-01,1,7,July,Q3,2026,27,Wednesday,False,2026-07,FY2026-2027
2026-07-02,2,7,July,Q3,2026,27,Thursday,False,2026-07,FY2026-2027
2026-07-03,3,7,July,Q3,2026,27,Friday,False,2026-07,FY2026-2027
2026-07-04,4,7,July,Q3,2026,27,Saturday,True,2026-07,FY2026-2027
2026-07-05,5,7,July,Q3,2026,27,Sunday,True,2026-07,FY2026-2027
2026-07-06,6,7,July,Q3,2026,28,Monday,False,2026-07,FY2026-2027
2026-07-07,7,7,July,Q3,2026,28,Tuesday,False,2026-07,FY2026-2027
2026-07-08,8,7,July,Q3,2026,28,Wednesday,False,2026-07,FY2026-2027
2026-07-09,9,7,July,Q3,2026,28,Thursday,False,2026-07,FY2026-2027
2026-07-10,10,7,July,Q3,2026,28,Friday,False,2026-07,FY2026-2027
2026-07-11,11,7,July,Q3,2026,28,Saturday,True,2026-07,FY2026-2027
2026-07-12,12,7,July,Q3,2026,28,Sunday,True,2026-07,FY2026-2027
2026-07-13,13,7,July,Q3,2026,29,Monday,False,2026-07,FY2026-2027
2026-07-14,14,7,July,Q3,2026,29,Tuesday,False,2026-07,FY2026-2027
2026-07-15,15,7,July,Q3,2026,29,Wednesday,False,2026-07,FY2026-2027
2026-07-16,16,7,July,Q3,2026,29,Thursday,False,2026-07,FY2026-2027
2026-07-17,17,7,July,Q3,2026,29,Friday,False,2026-07,FY2026-2027
2026-07-18,18,7,July,Q3,2026,29,Saturday,True,2026-07,FY2026-2027
2026-07-19,19,7,July,Q3,2026,29,Sunday,True,2026-07,FY2026-2027
2026-07-20,20,7,July,Q3,2026,30,Monday,False,2026-07,FY2026-2027
2026-07-21,21,7,July,Q3,2026,30,Tuesday,False,2026-07,FY2026-2027
2026-07-22,22,7,July,Q3,2026,30,Wednesday,False,2026-07,FY2026-2027
2026-07-23,23,7,July,Q3,2026,30,Thursday,False,2026-07,FY2026-2027
2026-07-24,24,7,July,Q3,2026,30,Friday,False,2026-07,FY2026-2027
2026-07-25,25,7,July,Q3,2026,30,Saturday,True,2026-07,FY2026-2027
2026-07-26,26,7,July,Q3,2026,30,Sunday,True,2026-07,FY2026-2027
2026-07-27,27,7,July,Q3,2026,31,Monday,False,2026-07,FY2026-2027
2026-07-28,28,7,July,Q3,2026,31,Tuesday,False,2026-07,FY2026-2027
2026-07-29,29,7,July,Q3,2026,31,Wednesday,False,2026-07,FY2026-2027
2026-07-30,30,7,July,Q3,2026,31,Thursday,False,2026-07,FY2026-2027
2026-07-31,31,7,July,Q3,2026,31,Friday,False,2026-07,FY2026-2027
2026-08-01,1,8,August,Q3,2026,31,Saturday,True,2026-08,FY2026-2027
2026-08-02,2,8,August,Q3,2026,31,Sunday,True,2026-08,FY2026-2027
2026-08-03,3,8,August,Q3,2026,32,Monday,False,2026-08,FY2026-2027
2026-08-04,4,8,August,Q3,2026,32,Tuesday,False,2026-08,FY2026-2027
2026-08-05,5,8,August,Q3,2026,32,Wednesday,False,2026-08,FY2026-2027
2026-08-06,6,8,August,Q3,2026,32,Thursday,False,2026-08,FY2026-2027
2026-08-07,7,8,August,Q3,2026,32,Friday,False,2026-08,FY2026-2027
2026-08-08,8,8,August,Q3,2026,32,Saturday,True,2026-08,FY2026-2027
2026-08-09,9,8,August,Q3,2026,32,Sunday,True,2026-08,FY2026-2027
2026-08-10,10,8,August,Q3,2026,33,Monday,False,2026-08,FY2026-2027
2026-08-11,11,8,August,Q3,2026,33,Tuesday,False,2026-08,FY2026-2027
2026-08-12,12,8,August,Q3,2026,33,Wednesday,False,2026-08,FY2026-2027
2026-08-13,13,8,August,Q3,2026,33,Thursday,False,2026-08,FY2026-2027
2026-08-14,14,8,August,Q3,2026,33,Friday,False,2026-08,FY2026-2027
2026-08-15,15,8,August,Q3,2026,33,Saturday,True,2026-08,FY2026-2027
2026-08-16,16,8,August,Q3,2026,33,Sunday,True,2026-08,FY2026-2027
2026-08-17,17,8,August,Q3,2026,34,Monday,False,2026-08,FY2026-2027
2026-08-18,18,8,August,Q3,2026,34,Tuesday,False,2026-08,FY2026-2027
2026-08-19,19,8,August,Q3,2026,34,Wednesday,False,2026-08,FY2026-2027
2026-08-20,20,8,August,Q3,2026,34,Thursday,False,2026-08,FY2026-2027
2026-08-21,21,8,August,Q3,2026,34,Friday,False,2026-08,FY2026-2027
2026-08-22,22,8,August,Q3,2026,34,Saturday,True,2026-08,FY2026-2027
2026-08-23,23,8,August,Q3,2026,34,Sunday,True,2026-08,FY2026-2027
2026-08-24,24,8,August,Q3,2026,35,Monday,False,2026-08,FY2026-2027
2026-08-25,25,8,August,Q3,2026,35,Tuesday,False,2026-08,FY2026-2027
2026-08-26,26,8,August,Q3,2026,35,Wednesday,False,2026-08,FY2026-2027
2026-08-27,27,8,August,Q3,2026,35,Thursday,False,2026-08,FY2026-2027
2026-08-28,28,8,August,Q3,2026,35,Friday,False,2026-08,FY2026-2027
2026-08-29,29,8,August,Q3,2026,35,Saturday,True,2026-08,FY2026-2027
2026-08-30,30,8,August,Q3,2026,35,Sunday,True,2026-08,FY2026-2027
2026-08-31,31,8,August,Q3,2026,36,Monday,False,2026-08,FY2026-2027
2026-09-01,1,9,September,Q3,2026,36,Tuesday,False,2026-09,FY2026-2027
2026-09-02,2,9,September,Q3,2026,36,Wednesday,False,2026-09,FY2026-2027
2026-09-03,3,9,September,Q3,2026,36,Thursday,False,2026-09,FY2026-2027
2026-09-04,4,9,September,Q3,2026,36,Friday,False,2026-09,FY2026-2027
2026-09-05,5,9,September,Q3,2026,36,Saturday,True,2026-09,FY2026-2027
2026-09-06,6,9,September,Q3,2026,36,Sunday,True,2026-09,FY2026-2027
2026-09-07,7,9,September,Q3,2026,37,Monday,False,2026-09,FY2026-2027
2026-09-08,8,9,September,Q3,2026,37,Tuesday,False,2026-09,FY2026-2027
2026-09-09,9,9,September,Q3,2026,37,Wednesday,False,2026-09,FY2026-2027
2026-09-10,10,9,September,Q3,2026,37,Thursday,False,2026-09,FY2026-2027
2026-09-11,11,9,September,Q3,2026,37,Friday,False,2026-09,FY2026-2027
2026-09-12,12,9,September,Q3,2026,37,Saturday,True,2026-09,FY2026-2027
2026-09-13,13,9,September,Q3,2026,37,Sunday,True,2026-09,FY2026-2027
2026-09-14,14,9,September,Q3,2026,38,Monday,False,2026-09,FY2026-2027
2026-09-15,15,9,September,Q3,2026,38,Tuesday,False,2026-09,FY2026-2027
2026-09-16,16,9,September,Q3,2026,38,Wednesday,False,2026-09,FY2026-2027
2026-09-17,17,9,September,Q3,2026,38,Thursday,False,2026-09,FY2026-2027
2026-09-18,18,9,September,Q3,2026,38,Friday,False,2026-09,FY2026-2027
2026-09-19,19,9,September,Q3,2026,38,Saturday,True,2026-09,FY2026-2027
2026-09-20,20,9,September,Q3,2026,38,Sunday,True,2026-09,FY2026-2027
2026-09-21,21,9,September,Q3,2026,39,Monday,False,2026-09,FY2026-2027
2026-09-22,22,9,September,Q3,2026,39,Tuesday,False,2026-09,FY2026-2027
2026-09-23,23,9,September,Q3,2026,39,Wednesday,False,2026-09,FY2026-2027
2026-09-24,24,9,September,Q3,2026,39,Thursday,False,2026-09,FY2026-2027
2026-09-25,25,9,September,Q3,2026,39,Friday,False,2026-09,FY2026-2027
2026-09-26,26,9,September,Q3,2026,39,Saturday,True,2026-09,FY2026-2027
2026-09-27,27,9,September,Q3,2026,39,Sunday,True,2026-09,FY2026-2027
2026-09-28,28,9,September,Q3,2026,40,Monday,False,2026-09,FY2026-2027
2026-09-29,29,9,September,Q3,2026,40,Tuesday,False,2026-09,FY2026-2027
2026-09-30,30,9,September,Q3,2026,40,Wednesday,False,2026-09,FY2026-2027
2026-10-01,1,10,October,Q4,2026,40,Thursday,False,2026-10,FY2026-2027
2026-10-02,2,10,October,Q4,2026,40,Friday,False,2026-10,FY2026-2027
2026-10-03,3,10,October,Q4,2026,40,Saturday,True,2026-10,FY2026-2027
2026-10-04,4,10,October,Q4,2026,40,Sunday,True,2026-10,FY2026-2027
2026-10-05,5,10,October,Q4,2026,41,Monday,False,2026-10,FY2026-2027
2026-10-06,6,10,October,Q4,2026,41,Tuesday,False,2026-10,FY2026-2027
2026-10-07,7,10,October,Q4,2026,41,Wednesday,False,2026-10,FY2026-2027
2026-10-08,8,10,October,Q4,2026,41,Thursday,False,2026-10,FY2026-2027
2026-10-09,9,10,October,Q4,2026,41,Friday,False,2026-10,FY2026-2027
2026-10-10,10,10,October,Q4,2026,41,Saturday,True,2026-10,FY2026-2027
2026-10-11,11,10,October,Q4,2026,41,Sunday,True,2026-10,FY2026-2027
2026-10-12,12,10,October,Q4,2026,42,Monday,False,2026-10,FY2026-2027
2026-10-13,13,10,October,Q4,2026,42,Tuesday,False,2026-10,FY2026-2027
2026-10-14,14,10,October,Q4,2026,42,Wednesday,False,2026-10,FY2026-2027
2026-10-15,15,10,October,Q4,2026,42,Thursday,False,2026-10,FY2026-2027
2026-10-16,16,10,October,Q4,2026,42,Friday,False,2026-10,FY2026-2027
2026-10-17,17,10,October,Q4,2026,42,Saturday,True,2026-10,FY2026-2027
2026-10-18,18,10,October,Q4,2026,42,Sunday,True,2026-10,FY2026-2027
2026-10-19,19,10,October,Q4,2026,43,Monday,False,2026-10,FY2026-2027
2026-10-20,20,10,October,Q4,2026,43,Tuesday,False,2026-10,FY2026-2027
2026-10-21,21,10,October,Q4,2026,43,Wednesday,False,2026-10,FY2026-2027
2026-10-22,22,10,October,Q4,2026,43,Thursday,False,2026-10,FY2026-2027
2026-10-23,23,10,October,Q4,2026,43,Friday,False,2026-10,FY2026-2027
2026-10-24,24,10,October,Q4,2026,43,Saturday,True,2026-10,FY2026-2027
2026-10-25,25,10,October,Q4,2026,43,Sunday,True,2026-10,FY2026-2027
2026-10-26,26,10,October,Q4,2026,44,Monday,False,2026-10,FY2026-2027
2026-10-27,27,10,October,Q4,2026,44,Tuesday,False,2026-10,FY2026-2027
2026-10-28,28,10,October,Q4,2026,44,Wednesday,False,2026-10,FY2026-2027
2026-10-29,29,10,October,Q4,2026,44,Thursday,False,2026-10,FY2026-2027
2026-10-30,30,10,October,Q4,2026,44,Friday,False,2026-10,FY2026-2027
2026-10-31,31,10,October,Q4,2026,44,Saturday,True,2026-10,FY2026-2027
2026-11-01,1,11,November,Q4,2026,44,Sunday,True,2026-11,FY2026-2027
2026-11-02,2,11,November,Q4,2026,45,Monday,False,2026-11,FY2026-2027
2026-11-03,3,11,November,Q4,2026,45,Tuesday,False,2026-11,FY2026-2027
2026-11-04,4,11,November,Q4,2026,45,Wednesday,False,2026-11,FY2026-2027
2026-11-05,5,11,November,Q4,2026,45,Thursday,False,2026-11,FY2026-2027
2026-11-06,6,11,November,Q4,2026,45,Friday,False,2026-11,FY2026-2027
2026-11-07,7,11,November,Q4,2026,45,Saturday,True,2026-11,FY2026-2027
2026-11-08,8,11,November,Q4,2026,45,Sunday,True,2026-11,FY2026-2027
2026-11-09,9,11,November,Q4,2026,46,Monday,False,2026-11,FY2026-2027
2026-11-10,10,11,November,Q4,2026,46,Tuesday,False,2026-11,FY2026-2027
2026-11-11,11,11,November,Q4,2026,46,Wednesday,False,2026-11,FY2026-2027
2026-11-12,12,11,November,Q4,2026,46,Thursday,False,2026-11,FY2026-2027
2026-11-13,13,11,November,Q4,2026,46,Friday,False,2026-11,FY2026-2027
2026-11-14,14,11,November,Q4,2026,46,Saturday,True,2026-11,FY2026-2027
2026-11-15,15,11,November,Q4,2026,46,Sunday,True,2026-11,FY2026-2027
2026-11-16,16,11,November,Q4,2026,47,Monday,False,2026-11,FY2026-2027
2026-11-17,17,11,November,Q4,2026,47,Tuesday,False,2026-11,FY2026-2027
2026-11-18,18,11,November,Q4,2026,47,Wednesday,False,2026-11,FY2026-2027
2026-11-19,19,11,November,Q4,2026,47,Thursday,False,2026-11,FY2026-2027
2026-11-20,20,11,November,Q4,2026,47,Friday,False,2026-11,FY2026-2027
2026-11-21,21,11,November,Q4,2026,47,Saturday,True,2026-11,FY2026-2027
2026-11-22,22,11,November,Q4,2026,47,Sunday,True,2026-11,FY2026-2027
2026-11-23,23,11,November,Q4,2026,48,Monday,False,2026-11,FY2026-2027
2026-11-24,24,11,November,Q4,2026,48,Tuesday,False,2026-11,FY2026-2027
2026-11-25,25,11,November,Q4,2026,48,Wednesday,False,2026-11,FY2026-2027
2026-11-26,26,11,November,Q4,2026,48,Thursday,False,2026-11,FY2026-2027
2026-11-27,27,11,November,Q4,2026,48,Friday,False,2026-11,FY2026-2027
2026-11-28,28,11,November,Q4,2026,48,Saturday,True,2026-11,FY2026-2027
2026-11-29,29,11,November,Q4,2026,48,Sunday,True,2026-11,FY2026-2027
2026-11-30,30,11,November,Q4,2026,49,Monday,False,2026-11,FY2026-2027
2026-12-01,1,12,December,Q4,2026,49,Tuesday,False,2026-12,FY2026-2027
2026-12-02,2,12,December,Q4,2026,49,Wednesday,False,2026-12,FY2026-2027
2026-12-03,3,12,December,Q4,2026,49,Thursday,False,2026-12,FY2026-2027
2026-12-04,4,12,December,Q4,2026,49,Friday,False,2026-12,FY2026-2027
2026-12-05,5,12,December,Q4,2026,49,Saturday,True,2026-12,FY2026-2027
2026-12-06,6,12,December,Q4,2026,49,Sunday,True,2026-12,FY2026-2027
2026-12-07,7,12,December,Q4,2026,50,Monday,False,2026-12,FY2026-2027
2026-12-08,8,12,December,Q4,2026,50,Tuesday,False,2026-12,FY2026-2027
2026-12-09,9,12,December,Q4,2026,50,Wednesday,False,2026-12,FY2026-2027
2026-12-10,10,12,December,Q4,2026,50,Thursday,False,2026-12,FY2026-2027
2026-12-11,11,12,December,Q4,2026,50,Friday,False,2026-12,FY2026-2027
2026-12-12,12,12,December,Q4,2026,50,Saturday,True,2026-12,FY2026-2027
2026-12-13,13,12,December,Q4,2026,50,Sunday,True,2026-12,FY2026-2027
2026-12-14,14,12,December,Q4,2026,51,Monday,False,2026-12,FY2026-2027
2026-12-15,15,12,December,Q4,2026,51,Tuesday,False,2026-12,FY2026-2027
2026-12-16,16,12,December,Q4,2026,51,Wednesday,False,2026-12,FY2026-2027
2026-12-17,17,12,December,Q4,2026,51,Thursday,False,2026-12,FY2026-2027
2026-12-18,18,12,December,Q4,2026,51,Friday,False,2026-12,FY2026-2027
2026-12-19,19,12,December,Q4,2026,51,Saturday,True,2026-12,FY2026-2027
2026-12-20,20,12,December,Q4,2026,51,Sunday,True,2026-12,FY2026-2027
2026-12-21,21,12,December,Q4,2026,52,Monday,False,2026-12,FY2026-2027
2026-12-22,22,12,December,Q4,2026,52,Tuesday,False,2026-12,FY2026-2027
2026-12-23,23,12,December,Q4,2026,52,Wednesday,False,2026-12,FY2026-2027
2026-12-24,24,12,December,Q4,2026,52,Thursday,False,2026-12,FY2026-2027
2026-12-25,25,12,December,Q4,2026,52,Friday,False,2026-12,FY2026-2027
2026-12-26,26,12,December,Q4,2026,52,Saturday,True,2026-12,FY2026-2027
2026-12-27,27,12,December,Q4,2026,52,Sunday,True,2026-12,FY2026-2027
2026-12-28,28,12,December,Q4,2026,53,Monday,False,2026-12,FY2026-2027
2026-12-29,29,12,December,Q4,2026,53,Tuesday,False,2026-12,FY2026-2027
2026-12-30,30,12,December,Q4,2026,53,Wednesday,False,2026-12,FY2026-2027
2026-12-31,31,12,December,Q4,2026,53,Thursday,False,2026-12,FY2026-2027
